division,latitude,longitude
{Les Valls} Teià; Barcelona; Cataluña,41.4964205,2.3218228
{El Pla} Òdena; Barcelona; Cataluña,41.6196377,1.627507
{El Bruguer} Sant Pere de Vilamajor; Barcelona; Cataluña,41.688202,2.3644119
{El Bruguer} Sant Pere de Vilamajor; Barcelona; Cataluña,41.688202,2.3644119
{Pueblo Salinas} Vera; Almería; Andalucía,37.2317886,-1.8165487
"{Huerta Alhárabe} Moratalla; Murcia; Murcia, Región de",38.1966652,-2.1181353
{Valle del Este} Vera; Almería; Andalucía,37.2020416,-1.8929822
{Sector R-7} Bétera; València/Valencia; Comunitat Valenciana,39.4969096,-0.418677
{Sector I} Alcanar; Tarragona; Cataluña,40.5969032,0.5653458
{Barrio Antonio Afonso} Santa Úrsula; Santa Cruz de Tenerife; Canarias,28.4594943,-16.25732
"{San Juan} Moratalla; Murcia; Murcia, Región de",38.1893185,-1.891609
{La Data} Las Palmas de Gran Canaria; Las Palmas; Canarias,28.1147315,-15.4210657
{Sector J} Alcanar; Tarragona; Cataluña,40.5430417,0.4767391
{Sector H} Alcanar; Tarragona; Cataluña,40.54184619999999,0.4826954
{Can Vinyers} Matadepera; Barcelona; Cataluña,41.5991935,2.0315728
{Can Vinyers} Matadepera; Barcelona; Cataluña,41.5991935,2.0315728
{Xubia (Nosa Señora dos Desamparados)} Narón; A Coruña; Galicia,43.5012892,-8.192374299999999
{Xubia (Nosa Señora dos Desamparados)} Narón; A Coruña; Galicia,43.5012892,-8.192374299999999
{Sector R-6} Bétera; València/Valencia; Comunitat Valenciana,39.4971049,-0.4187948
{Xubia (San Martiño)} Narón; A Coruña; Galicia,43.4979849,-8.1741552
{Veinat de l'Estacio} Llambilles; Girona; Cataluña,41.8961393,2.810965
{A Gulpilleira} O Porriño; Pontevedra; Galicia,42.1595707,-8.611177699999999
{Urbanizacion Torre del Pinar} Zaragoza; Zaragoza; Aragón,41.692245,-1.0171076
{Venta Mateo} Arboleas; Almería; Andalucía,37.3512948,-2.0862564
{Primera del Riu} Morella; Castelló/Castellón; Comunitat Valenciana,40.6181387,-0.1015492
{Mas Bohera} Palau-saverdera; Girona; Cataluña,42.30867509999999,3.1473445
{Malpaís de Triana} Los Llanos de Aridane; Santa Cruz de Tenerife; Canarias,28.6463805,-17.9081565
{Brimz} Córdoba; Córdoba; Andalucía,37.8849381,-4.7775874
{Bungalows de Tajuya} Los Llanos de Aridane; Santa Cruz de Tenerife; Canarias,28.6378974,-17.8980112
"{El Llano} Caravaca de la Cruz; Murcia; Murcia, Región de",38.095408,-1.890441
{Les Rouredes} Castellvell del Camp; Tarragona; Cataluña,41.187811,1.0897511
{Vides} Mos; Pontevedra; Galicia,42.1664271,-8.6368341
{La Candelaria} Icod de los Vinos; Santa Cruz de Tenerife; Canarias,28.3671432,-16.7137571
{Sector G} Alcanar; Tarragona; Cataluña,40.5431062,0.4817141
{Falda Monti} Tales; Castelló/Castellón; Comunitat Valenciana,39.9497621,-0.3060348
{Barrio de los Remedios} Cúllar Vega; Granada; Andalucía,37.1532821,-3.6705039
{Xubia (Santa Rita)} Narón; A Coruña; Galicia,43.515336,-8.1554513
"{La Quinta Florez} Siero; Asturias; Asturias, Principado de",43.3771143,-5.7734499
{El Cañillo} Barbate; Cádiz; Andalucía,36.1862124,-5.9190144
{Los Barriales} Tegueste; Santa Cruz de Tenerife; Canarias,28.5186,-16.3233
{Las Eras Bajas} Arico; Santa Cruz de Tenerife; Canarias,28.1926157,-16.4278883
{Novo Piñeiral} San Cibrao das Viñas; Ourense; Galicia,42.2948445,-7.872840300000001
{Reborido} Teo; A Coruña; Galicia,42.8394216,-8.5824149
{Abisinia} Valle Gran Rey; Santa Cruz de Tenerife; Canarias,28.0832893,-17.3347351
{Miralcampo} Chiva; València/Valencia; Comunitat Valenciana,39.4523609,-0.6080561
{Malladoura} O Porriño; Pontevedra; Galicia,42.1635809,-8.614947299999999
"{Residencial Espuña} Totana; Murcia; Murcia, Región de",37.7178769,-1.4150642
{Pla de la Torre} Olocau; València/Valencia; Comunitat Valenciana,39.6660929,-0.5178345999999999
{Veinat Carretera de Fornells} Llambilles; Girona; Cataluña,41.9205988,2.8588015
"{Avícola del Jarama} Arganda del Rey; Madrid; Madrid, Comunidad de",40.2884845,-3.5047675
{Urbanización el Pinar de Casinos} Casinos; València/Valencia; Comunitat Valenciana,39.6986762,-0.7081527
{Mas Pallí dels Vilars II} Calonge i Sant Antoni; Girona; Cataluña,41.8460093,3.0709681
{El Solei} Riudaura; Girona; Cataluña,42.1888537,2.4085624
{Os Currás} O Porriño; Pontevedra; Galicia,42.1663901,-8.6176535
{La Cueva} Arboleas; Almería; Andalucía,37.4048035,-2.0648623
{L'Esquerra del Fluvià} La Vall d'en Bas; Girona; Cataluña,42.1116405,2.4406387
{Vista Alegre} Manresa; Barcelona; Cataluña,41.39067500000001,2.1637122
{O Apeadeiro} Miño; A Coruña; Galicia,43.3539624,-8.1884949
"{Urbanización los Llanos} Serranillos del Valle; Madrid; Madrid, Comunidad de",40.185399,-3.8829364
{Urbanització los Picapiedra} Olocau; València/Valencia; Comunitat Valenciana,39.6692353,-0.5303405
{Urbanització los Picapiedra} Olocau; València/Valencia; Comunitat Valenciana,39.6692353,-0.5303405
{Cañada de los Perros} Telde; Las Palmas; Canarias,28.0305154,-15.4247775
{La Muntanya} Teià; Barcelona; Cataluña,41.4964205,2.3218228
{Castro} Teo; A Coruña; Galicia,42.8167647,-8.591227199999999
{Barís} Carballo; A Coruña; Galicia,43.16563,-8.6851586
{A Agrela} Teo; A Coruña; Galicia,42.782405,-8.6169877
{Cañada del Charco} Chiva; València/Valencia; Comunitat Valenciana,39.4573769,-0.6678402999999999
{Los Barrancos} Granadilla de Abona; Santa Cruz de Tenerife; Canarias,NA,NA
{Cañada de la Rosa} Valle Gran Rey; Santa Cruz de Tenerife; Canarias,28.0849625,-17.3338839
{El Collet} Calonge i Sant Antoni; Girona; Cataluña,41.8499872,3.1104778
{Iturburu} Iurreta; Bizkaia; País Vasco,43.1769964,-2.6271086
{Urbanització Tossal} Torres de Segre; Lleida; Cataluña,41.5340778,0.5141739
"{Urbanización Infanta Leonor} Lorca; Murcia; Murcia, Región de",37.6735925,-1.6968357
{Les Comes} Marçà; Tarragona; Cataluña,41.1266553,0.8026232999999999
{Los Patricios} Carboneras; Almería; Andalucía,37.0013319,-1.8899495
"{Casa Requena} Moratalla; Murcia; Murcia, Región de",38.2840213,-2.0435464
{Urbanització Jardins Palau} Calonge i Sant Antoni; Girona; Cataluña,41.86260840000001,3.0733708
"{Los Castillejos} Cartagena; Murcia; Murcia, Región de",37.66056349999999,-1.0924468
{Urbanització Jardins Palau} Calonge i Sant Antoni; Girona; Cataluña,41.86260840000001,3.0733708
{Urbanització Cabeza Redondo} Cheste; València/Valencia; Comunitat Valenciana,39.4903657,-0.6162318
{Urbanització Cabeza Redondo} Cheste; València/Valencia; Comunitat Valenciana,39.4903657,-0.6162318
{A Golpilleira} San Sadurniño; A Coruña; Galicia,43.5708438,-8.087103599999999
{Les Carreres} Maià de Montcal; Girona; Cataluña,42.2213489,2.7446554
{A Golpilleira} San Sadurniño; A Coruña; Galicia,43.5708438,-8.087103599999999
{Afores} Vilamalla; Girona; Cataluña,42.2225052,2.9725563
"{Frain} Igantzi; Navarra; Navarra, Comunidad Foral de",NA,NA
{Mun Di Deu} Barbadás; Ourense; Galicia,42.2991143,-7.887566100000001
{Barri Nord} Arenys de Munt; Barcelona; Cataluña,41.6188622,2.5427553
{Les Aldees} Sant Feliu de Codines; Barcelona; Cataluña,41.686493,2.1725468
{La Palanca} L'Escala; Girona; Cataluña,42.1198504,3.1227702
{La Geneta} Arbúcies; Girona; Cataluña,41.8165773,2.511129
{La Geneta} Arbúcies; Girona; Cataluña,41.8165773,2.511129
{Veïnat de Canyes} Sant Pere de Vilamajor; Barcelona; Cataluña,41.7059896,2.3912362
{Veïnat de Canyes} Sant Pere de Vilamajor; Barcelona; Cataluña,41.7059896,2.3912362
{Aviseiro} O Porriño; Pontevedra; Galicia,42.1576824,-8.6167644
{Mas de Moregons} El Catllar; Tarragona; Cataluña,41.1664902,1.2773891
{Partida Sant Joan de Ruanes} Puigpelat; Tarragona; Cataluña,41.2752417,1.275231
{Disseminats Mar} Premià de Dalt; Barcelona; Cataluña,41.5048954,2.3458198
{Sector F} Alcanar; Tarragona; Cataluña,40.54184619999999,0.4826954
{Barriada del Cuenco} Zaragoza; Zaragoza; Aragón,41.69135,-1.04457
{Benesa} La Romana; Alacant/Alicante; Comunitat Valenciana,38.3766491,-0.8887662000000001
{Benesa} La Romana; Alacant/Alicante; Comunitat Valenciana,38.3766491,-0.8887662000000001
{L'Avencó} Tagamanent; Barcelona; Cataluña,41.7647487,2.2623974
{Las Rabinadas} Porzuna; Ciudad Real; Castilla - La Mancha,39.1897911,-4.1527176
{La Mora} El Port de la Selva; Girona; Cataluña,42.337145,3.1900805
{Las Ávilas} Valle Gran Rey; Santa Cruz de Tenerife; Canarias,28.0849625,-17.3338839
{Las Ávilas} Valle Gran Rey; Santa Cruz de Tenerife; Canarias,28.0849625,-17.3338839
{El Colomer} Manresa; Barcelona; Cataluña,41.742951,1.8395318
{Os Curras} San Sadurniño; A Coruña; Galicia,43.5353302,-8.0637388
{Urbanització la Xarnada} Begur; Girona; Cataluña,41.9731543,3.2201122
{Els Angels} Alpicat; Lleida; Cataluña,41.6636463,0.5564953
{Las Lagunetas} Buenavista del Norte; Santa Cruz de Tenerife; Canarias,28.3337276,-16.8425998
{Urbanització la Xarnada} Begur; Girona; Cataluña,41.9731543,3.2201122
{A Estrada} Begonte; Lugo; Galicia,43.17906139999999,-7.640231900000001
{La Molina} Tíjola; Almería; Andalucía,37.3595635,-2.4394969
{Barri Orient} Arenys de Munt; Barcelona; Cataluña,41.60396220000001,2.5415473
{Broña} Outes; A Coruña; Galicia,42.8044586,-8.9258556
{El Vergel de la Planilla} Ricla; Zaragoza; Aragón,41.4786131,-1.3910331
{Cerdeirido} Miño; A Coruña; Galicia,43.3420656,-8.1788548
{Pla de Dalt} Sant Joan les Fonts; Girona; Cataluña,42.1855866,2.4705273
{Camiño Do Vilar} Lugo; Lugo; Galicia,42.97579890000001,-7.524812000000001
{Estrada Da Coruña} Lugo; Lugo; Galicia,43.0263642,-7.5679148
{A Cruz de Rante} San Cibrao das Viñas; Ourense; Galicia,42.2948445,-7.872840300000001
{Pego} O Porriño; Pontevedra; Galicia,42.1573279,-8.6126139
{Montellano-Las Casas} Galdames; Bizkaia; País Vasco,43.2894558,-3.142207
{Freixeneda} Sant Antoni de Vilamajor; Barcelona; Cataluña,41.67059769999999,2.3958528
{O Freixo} San Sadurniño; A Coruña; Galicia,43.6385286,-8.1082578
{Barri de Sant Antoni} Les Valls de Valira; Lleida; Cataluña,42.3610175,1.4738205
{Montellano-Las Casas} Galdames; Bizkaia; País Vasco,43.2894558,-3.142207
{Barri de Sant Antoni} Les Valls de Valira; Lleida; Cataluña,42.3610175,1.4738205
{Visouteiro} Miño; A Coruña; Galicia,43.3548637,-8.1717573
{El Alisal} Sopuerta; Bizkaia; País Vasco,43.2080026,-3.2118965
{A Praza} Santiago de Compostela; A Coruña; Galicia,42.8809401,-8.5454479
{La Costa} El Port de la Selva; Girona; Cataluña,NA,NA
"{Meaka Auzoa} Sunbilla; Navarra; Navarra, Comunidad Foral de",43.1616589,-1.6682611
{Pexeirós} Os Blancos; Ourense; Galicia,41.9768299,-7.7686189
{Cerqueiras} Mos; Pontevedra; Galicia,42.1794672,-8.62599
{Camino del Cerro} Méntrida; Toledo; Castilla - La Mancha,40.2316416,-4.1987434
{Pexeirós} Os Blancos; Ourense; Galicia,41.9768299,-7.7686189
{Las Casetas} Valle de Mena; Burgos; Castilla y León,NA,NA
{Cap de Terme} Atzeneta del Maestrat; Castelló/Castellón; Comunitat Valenciana,40.2163493,-0.1708686
{El Bonal} Porzuna; Ciudad Real; Castilla - La Mancha,39.2638041,-4.1916951
{O Pico} San Sadurniño; A Coruña; Galicia,43.5247647,-8.0187358
{Caseta} Celanova; Ourense; Galicia,42.1383517,-7.941831
{Kanala} Sukarrieta; Bizkaia; País Vasco,NA,NA
{Zangroiz} Loiu; Bizkaia; País Vasco,43.2919852,-2.9386667
{Boca de Oroña} Outes; A Coruña; Galicia,42.85042809999999,-8.9268962
{Disseminats Mar Ponent} Premià de Dalt; Barcelona; Cataluña,41.49954779999999,2.3674274
{Pla de Baix} Sant Joan les Fonts; Girona; Cataluña,42.2122269,2.5114166
{Els Terrers Blancs} Les Coves de Vinromà; Castelló/Castellón; Comunitat Valenciana,40.0443867,0.0638746
{Puentes de Piedralá} Porzuna; Ciudad Real; Castilla - La Mancha,39.2380024,-4.2265093
"{Añerdi Auzoa} Sunbilla; Navarra; Navarra, Comunidad Foral de",43.1700814,-1.6712185
{El Pargo} Salobreña; Granada; Andalucía,36.7446079,-3.6121765
{Camiño Do Santo} Lugo; Lugo; Galicia,42.72680039999999,-7.021413799999999
{Montemayor} Benahavís; Málaga; Andalucía,36.5230488,-5.0461385
"{La Carrera} Villaviciosa; Asturias; Asturias, Principado de",43.4921073,-5.4899517
{Os Abetos} Santiago de Compostela; A Coruña; Galicia,42.8849097,-8.5047587
{El Clot de la Plana} Riudaura; Girona; Cataluña,42.1888537,2.4085624
{Fondo Do Val} Monfero; A Coruña; Galicia,43.30887999999999,-7.9802601
{Urbanización los Olivos} Huéneja; Granada; Andalucía,37.236111,-3.610278
{Les Bordes d'Arfa} Ribera d'Urgellet; Lleida; Cataluña,42.3319363,1.4153882
"{Ferreros} Piloña; Asturias; Asturias, Principado de",43.3363001,-5.380973200000001
{Barrio Armentera} Castejón del Puente; Huesca; Aragón,41.9365944,0.1624265
{A Barreira} Lugo; Lugo; Galicia,42.848004,-7.8013208
"{Finca Señorita} Molina de Segura; Murcia; Murcia, Región de",38.0250595,-1.1912285
"{Bidasoa Mendebalde Auzoa} Sunbilla; Navarra; Navarra, Comunidad Foral de",43.1643779,-1.6706031
{Chao Real} San Cristovo de Cea; Ourense; Galicia,42.4675628,-7.9861944
{O Amial e O Charco} Ponteareas; Pontevedra; Galicia,42.1399802,-8.2646092
{Arnelas} Vilanova de Arousa; Pontevedra; Galicia,42.5376656,-8.756008099999999
{O Amial e O Charco} Ponteareas; Pontevedra; Galicia,42.1399802,-8.2646092
{O Amial e O Charco} Ponteareas; Pontevedra; Galicia,42.1399802,-8.2646092
{Camiño Da Costa} Lugo; Lugo; Galicia,42.9927457,-7.537586699999999
{El Cigarrón} Carboneras; Almería; Andalucía,36.9964039,-1.8934451
{O Barbeito} O Porriño; Pontevedra; Galicia,NA,NA
{A Portela} Santiago de Compostela; A Coruña; Galicia,42.9202483,-8.589101
{Correa} Montmajor; Barcelona; Cataluña,42.0336639,1.7182422
{La Querosa} Sant Pere Sallavinera; Barcelona; Cataluña,41.7357681,1.555365
{A Calzada} Padrón; A Coruña; Galicia,NA,NA
{O Pontillón} Santiago de Compostela; A Coruña; Galicia,42.8977636,-8.4421767
{Veïnat d'Arnera} Darnius; Girona; Cataluña,42.3669269,2.8321473
"{Askin Auzoa} Sunbilla; Navarra; Navarra, Comunidad Foral de",43.17138569999999,-1.6727266
"{Sellón} Piloña; Asturias; Asturias, Principado de",43.3043966,-5.401952199999999
{Peitieiras} Ponteareas; Pontevedra; Galicia,42.1756174,-8.5064757
{Entrepinos} Chiva; València/Valencia; Comunitat Valenciana,39.549468,-0.5128237
{Veïnat d'Arnera} Darnius; Girona; Cataluña,42.3669269,2.8321473
{Barrio Arriba} Valle de Mena; Burgos; Castilla y León,43.1175381,-3.1863296
{Conces} Neda; A Coruña; Galicia,43.4799115,-8.1660912
{Albarde} Santiago de Compostela; A Coruña; Galicia,42.8977911,-8.438298699999999
{La Riera} Maià de Montcal; Girona; Cataluña,42.2213489,2.7446554
{A Devesa} Lugo; Lugo; Galicia,42.898942,-7.693095499999999
"{El Pidal} Villaviciosa; Asturias; Asturias, Principado de",43.48276329999999,-5.433004
{Carretera d'Igualada} Manresa; Barcelona; Cataluña,41.704642,1.802606
{Os Muíños} Boiro; A Coruña; Galicia,42.646424,-8.8940273
{El Puig} Castellvell del Camp; Tarragona; Cataluña,41.1834077,1.0820728
{Puig de Vidre} Olesa de Bonesvalls; Barcelona; Cataluña,41.34923730000001,1.8345921
{La Frau} Santa Maria d'Oló; Barcelona; Cataluña,41.8962079,2.0311246
{As Camposas} Outes; A Coruña; Galicia,43.3623436,-8.4115401
{A Longra} San Sadurniño; A Coruña; Galicia,43.4974803,-8.088800899999999
{Poble} Palafrugell; Girona; Cataluña,41.919011,3.1696678
{Barrio Nuevo} Cúllar; Granada; Andalucía,37.599722,-2.460278
{Vilar de Riba} Castro de Rei; Lugo; Galicia,43.2086787,-7.401061299999999
{Carretera de Arriba} Sarria; Lugo; Galicia,42.78991860000001,-7.3942497
{El Peto} Valle Gran Rey; Santa Cruz de Tenerife; Canarias,28.0849625,-17.3338839
{El Molí} Sant Antoni de Vilamajor; Barcelona; Cataluña,41.6514203,2.3841309
{Vilanova} Valdoviño; A Coruña; Galicia,43.3673064,-8.4041296
{A Ferrería} As Nogais; Lugo; Galicia,42.8168479,-7.114196
{Conceado} Quiroga; Lugo; Galicia,42.494029,-7.3468687
"{El Valle} Oviedo; Asturias; Asturias, Principado de",43.3665363,-5.8526411
{A Boullosa} Vilaboa; Pontevedra; Galicia,42.4304599,-8.63987
{Carballal} Vilaboa; Pontevedra; Galicia,NA,NA
{Bellavista} Puigdàlber; Barcelona; Cataluña,41.4044174,1.6946368
{Pla del Bugantó} Llambilles; Girona; Cataluña,41.9213427,2.8591701
{Estany} Maçanet de la Selva; Girona; Cataluña,41.7801577,2.7325252
{Panoramar} El Port de la Selva; Girona; Cataluña,42.3328184,3.1948644
{La Dreta del Fluvià} La Vall d'en Bas; Girona; Cataluña,NA,NA
{O Merendeiro} Guitiriz; Lugo; Galicia,43.24915,-7.84552
"{La Caleyina} Mieres; Asturias; Asturias, Principado de",43.248802,-5.772529
{Pla del Bugantó} Llambilles; Girona; Cataluña,41.9213427,2.8591701
{Sant Andreu-Farners} Capolat; Barcelona; Cataluña,41.44226,2.19079
{Sant Andreu-Farners} Capolat; Barcelona; Cataluña,41.44226,2.19079
{Barri Ponent} Arenys de Munt; Barcelona; Cataluña,41.6093683,2.5408414
{Sant Andreu-Farners} Capolat; Barcelona; Cataluña,41.44226,2.19079
{El Gorner} Puigdàlber; Barcelona; Cataluña,41.40626,1.70093
{A Agra} Miño; A Coruña; Galicia,NA,NA
{O Portádego} Neda; A Coruña; Galicia,43.5120997,-8.1502612
{Castell Madeleine} Calonge i Sant Antoni; Girona; Cataluña,41.8637896,3.0726468
{Charcón Higuera} Cúllar; Granada; Andalucía,37.5828301,-2.5705729
{Els Torrents} Lladurs; Lleida; Cataluña,42.0501796,1.6297288
{Urbanització Les Planes} Mont-roig del Camp; Tarragona; Cataluña,41.0467737,0.9539002999999999
{Urbanització Aguas Perdidas} Cheste; València/Valencia; Comunitat Valenciana,39.4934832,-0.6856076
{O Portádego} Neda; A Coruña; Galicia,43.5120997,-8.1502612
{Urbanització Aguas Perdidas} Cheste; València/Valencia; Comunitat Valenciana,39.4934832,-0.6856076
{Martín de Arriba} Begonte; Lugo; Galicia,43.13861,-7.666449999999999
"{Bidasoa Ekialde Auzoa} Sunbilla; Navarra; Navarra, Comunidad Foral de",43.1643779,-1.6706031
"{Mendaur Auzoa} Sunbilla; Navarra; Navarra, Comunidad Foral de",43.17138569999999,-1.6727266
"{La Barraca} Villaviciosa; Asturias; Asturias, Principado de",43.4793946,-5.4336807
{As Cocheiras} Pontevedra; Pontevedra; Galicia,42.4298846,-8.6446202
{Urbanización Cerro San Cristobal} Écija; Sevilla; Andalucía,37.546139,-5.0833327
{Els Suvians} Castellvell del Camp; Tarragona; Cataluña,41.187811,1.0897511
{La Vega} Ayora; València/Valencia; Comunitat Valenciana,39.47396820000001,-0.3703676
{O Souto} Miño; A Coruña; Galicia,43.2872604,-8.359074099999999
{La Vespa} Morella; Castelló/Castellón; Comunitat Valenciana,40.6061795,-0.1860163
{El Pla d'Avall} Vistabella del Maestrat; Castelló/Castellón; Comunitat Valenciana,40.2934811,-0.2928412
{Las Ventas} Zorita del Maestrazgo; Castelló/Castellón; Comunitat Valenciana,40.7287627,-0.1665442
{O Pulo} Miño; A Coruña; Galicia,43.3580322,-8.1763874
{Xebre} Ribeira; A Coruña; Galicia,42.5540645,-8.9922481
{A Ponte Sarela} Santiago de Compostela; A Coruña; Galicia,42.879351,-8.5603495
{Seixos} Teo; A Coruña; Galicia,42.7984876,-8.5640919
"{Aritzeder Auzoa} Sunbilla; Navarra; Navarra, Comunidad Foral de",43.17138569999999,-1.6727266
{A Torre} San Sadurniño; A Coruña; Galicia,43.4974803,-8.088800899999999
{Lagoa} Santiago de Compostela; A Coruña; Galicia,42.8906634,-8.4817691
{A Ventisca} Guitiriz; Lugo; Galicia,43.1809063,-7.894223499999999
{A Seara} A Bola; Ourense; Galicia,42.2495868,-8.013112399999999
{San Xiao} Celanova; Ourense; Galicia,NA,NA
"{Arayón} Cangas del Narcea; Asturias; Asturias, Principado de",43.1773837,-6.5498404
"{Murias de Pontarás} Cangas del Narcea; Asturias; Asturias, Principado de",NA,NA
{O Caeiro} O Porriño; Pontevedra; Galicia,NA,NA
{San Xiao} Celanova; Ourense; Galicia,NA,NA
{Polígono Industrial} Arboleas; Almería; Andalucía,37.354131,-2.095438
{Raval del Bonaire} Vacarisses; Barcelona; Cataluña,41.3784206,2.1712328
{La Riera} Olocau del Rey; Castelló/Castellón; Comunitat Valenciana,40.6373591,-0.3401287
{O Enxerto} San Sadurniño; A Coruña; Galicia,43.5378127,-8.070004599999999
{O Funchal} Valdoviño; A Coruña; Galicia,NA,NA
{La Coma} L'Escala; Girona; Cataluña,42.1198504,3.1227702
{Vilar de Baixo} Castro de Rei; Lugo; Galicia,43.2086787,-7.401061299999999
"{Río Segura} Moratalla; Murcia; Murcia, Región de",38.1893185,-1.891609
{O Falcato} O Porriño; Pontevedra; Galicia,42.1608459,-8.6177291
{Bailadero} Garafía; Santa Cruz de Tenerife; Canarias,28.7906487,-17.9176312
{Sorreig} Sobremunt; Barcelona; Cataluña,42.0424742,2.1510875
{Barrio Abajo} Valle de Mena; Burgos; Castilla y León,43.1065358,-3.4361227
{Las Lomas} Olocau del Rey; Castelló/Castellón; Comunitat Valenciana,40.6373591,-0.3401287
{A Avesada} Miño; A Coruña; Galicia,43.3475071,-8.207982
{Vilafiunce} San Sadurniño; A Coruña; Galicia,43.5356271,-8.057429899999999
{Urbanització Cantallops} Begur; Girona; Cataluña,42.4196067,2.9207883
{Urbanització Sector Sud d'Aiguablava} Begur; Girona; Cataluña,41.9339911,3.2161116
{Mirambell} Bassella; Lleida; Cataluña,41.96800169999999,1.2684354
{O Monte} Cospeito; Lugo; Galicia,NA,NA
{Ribas} Maside; Ourense; Galicia,NA,NA
"{Reguerines} Langreo; Asturias; Asturias, Principado de",43.307823,-5.6958195
{El Cazuelo} Zaragoza; Zaragoza; Aragón,41.6493167,-0.9048824999999999
{Sorreig} Sobremunt; Barcelona; Cataluña,42.0424742,2.1510875
{Can Termens} Els Hostalets de Pierola; Barcelona; Cataluña,41.5338156,1.7641087
{Vallehermoso} Valle de Mena; Burgos; Castilla y León,43.1598024,-3.2458884
{Llano de la Cañada} Villahermosa del Río; Castelló/Castellón; Comunitat Valenciana,40.2058715,-0.4313729
{La Foia d'Ores} Vistabella del Maestrat; Castelló/Castellón; Comunitat Valenciana,40.2934811,-0.2928412
{Quenllo} Ordes; A Coruña; Galicia,43.0759534,-8.4081831
{Cap de Creus} El Port de la Selva; Girona; Cataluña,42.3427663,3.202891
{Armàncies} Ribes de Freser; Girona; Cataluña,42.3057487,2.1683571
{Veinat del Comalet} Vilallonga de Ter; Girona; Cataluña,42.330224,2.3119503
{Cañadas} Castril; Granada; Andalucía,37.800556,-2.824444
{Moron I Mola} Canejan; Lleida; Cataluña,42.8122428,0.8008388
{O Carballo} Abadín; Lugo; Galicia,43.3631827,-7.475770199999999
{A Chan de Souto} Crecente; Pontevedra; Galicia,NA,NA
{A Teixugueira} Salvaterra de Miño; Pontevedra; Galicia,42.2086424,-8.7573749
{Veinat del Comalet} Vilallonga de Ter; Girona; Cataluña,42.330224,2.3119503
{Moron i Mola} Canejan; Lleida; Cataluña,42.8122428,0.8008388
{La Riera} Villahermosa del Río; Castelló/Castellón; Comunitat Valenciana,40.20282359999999,-0.4180135
{Can Mensa} Sant Martí de Tous; Barcelona; Cataluña,41.5649535,1.522914
{San Juan} Valle de Mena; Burgos; Castilla y León,43.0931051,-3.3533606
{Espiñeiro} Boimorto; A Coruña; Galicia,43.3837447,-8.3413564
{A Matosa} A Laracha; A Coruña; Galicia,43.2386418,-8.5228635
{A Fervenza} Neda; A Coruña; Galicia,NA,NA
{A Praga} Noia; A Coruña; Galicia,NA,NA
{A Casavella} Ordes; A Coruña; Galicia,43.081169,-8.4046583
{Cancelo} Outes; A Coruña; Galicia,NA,NA
{A Central} Outes; A Coruña; Galicia,42.8504082,-8.9268893
{O Pinar} Ribadeo; Lugo; Galicia,43.5437355,-7.080492
{Carretera de Abaixo} Sarria; Lugo; Galicia,42.7750794,-7.4072397
{Almuzada} Amoeiro; Ourense; Galicia,42.4144303,-7.946068700000001
"{Los Col.laos} Aller; Asturias; Asturias, Principado de",43.175248,-5.7517488
"{Peredi} Villaviciosa; Asturias; Asturias, Principado de",43.4813957,-5.4331929
{As Gándaras} A Estrada; Pontevedra; Galicia,42.6898712,-8.490966700000001
{Los Rosales II} El Viso de San Juan; Toledo; Castilla - La Mancha,40.1454982,-3.9160905
{Arandia} Iurreta; Bizkaia; País Vasco,43.1785868,-2.6490288
{A Fervenza} Neda; A Coruña; Galicia,NA,NA
{A Casavella} Ordes; A Coruña; Galicia,43.081169,-8.4046583
{Clot de la Bleda} Castellolí; Barcelona; Cataluña,41.3328294,1.6893657
{Señorío de Vivanco} Valle de Mena; Burgos; Castilla y León,43.09055,-3.3504999
{A Chabola} San Sadurniño; A Coruña; Galicia,43.5356271,-8.057429899999999
{A Capela} Touro; A Coruña; Galicia,42.837197,-8.2777978
{Mas Artigues} Calonge i Sant Antoni; Girona; Cataluña,41.8261409,3.0649073
{Moixons} Molló; Girona; Cataluña,42.344241,2.411681
{La Vista} El Port de la Selva; Girona; Cataluña,42.33778,3.19071
{Urbanització Pescadors} Torres de Segre; Lleida; Cataluña,41.5352427,0.5136163
{Perrá} Palas de Rei; Lugo; Galicia,42.8734666,-7.868758799999999
"{Bárzana} Cangas del Narcea; Asturias; Asturias, Principado de",43.1773837,-6.5498404
"{Las Barzaniel.las} Cangas del Narcea; Asturias; Asturias, Principado de",43.15784499999999,-6.540407999999999
"{H.uentes} Piloña; Asturias; Asturias, Principado de",43.4067062,-5.3420269
"{El Llugarín de Baxo} San Martín del Rey Aurelio; Asturias; Asturias, Principado de",43.2753789,-5.604966
"{Los Casares} Villaviciosa; Asturias; Asturias, Principado de",43.4949129,-5.3668776
{As Quintas} Crecente; Pontevedra; Galicia,42.1586947,-8.241978099999999
{A Capela} Touro; A Coruña; Galicia,42.837197,-8.2777978
{El Molino de la Junta} Carboneras; Almería; Andalucía,37.061403,-1.877511
{El Pla d'Amunt} Vistabella del Maestrat; Castelló/Castellón; Comunitat Valenciana,40.2937882,-0.2945447
{El Moli} Planoles; Girona; Cataluña,NA,NA
{Sant Martí de Rialb} La Baronia de Rialb; Lleida; Cataluña,42.0126088,1.1929114
{La Serra de Dalt} Oliola; Lleida; Cataluña,42.0493934,1.4669903
{O Mato} Celanova; Ourense; Galicia,NA,NA
{Figueiredo} Celanova; Ourense; Galicia,42.143504,-7.9338153
{O Coitelo} Nogueira de Ramuín; Ourense; Galicia,42.4522336,-7.729788600000001
"{Conforcos} Langreo; Asturias; Asturias, Principado de",43.1104095,-5.5902664
"{La Puente} Lena; Asturias; Asturias, Principado de",43.0706542,-5.7693184
"{Les Cases de la Carretera} Oviedo; Asturias; Asturias, Principado de",43.3613953,-5.8593267000000004
"{El Picu la Viña} Oviedo; Asturias; Asturias, Principado de",43.3619145,-5.8493887
"{La Zalce} Peñamellera Baja; Asturias; Asturias, Principado de",43.32429,-4.5934
"{Casas del Puente} Salas; Asturias; Asturias, Principado de",43.4039975,-6.1503875
"{El Cuetu} Villaviciosa; Asturias; Asturias, Principado de",43.4802841,-5.437271
{Arroyo de Huerta} El Viso de San Juan; Toledo; Castilla - La Mancha,40.1527311,-4.0059729
{Urbanització Altamar} Cheste; València/Valencia; Comunitat Valenciana,39.4943404,-0.6858949
{La Incolla} Chiva; València/Valencia; Comunitat Valenciana,39.4541812,-0.737034
{Sant Martí de Rialb} La Baronia de Rialb; Lleida; Cataluña,42.0126088,1.1929114
"{Les Cases de la Carretera} Oviedo; Asturias; Asturias, Principado de",43.3613953,-5.8593267000000004
"{El Picu la Viña} Oviedo; Asturias; Asturias, Principado de",43.3619145,-5.8493887
{Urbanització Altamar} Cheste; València/Valencia; Comunitat Valenciana,39.4943404,-0.6858949
{La Ribera} Valle de Mena; Burgos; Castilla y León,43.1014795,-3.3485619
{Els Bustals} Vistabella del Maestrat; Castelló/Castellón; Comunitat Valenciana,40.2937882,-0.2945447
{O Picho} Miño; A Coruña; Galicia,43.3539624,-8.1884949
{Campo Grande} San Sadurniño; A Coruña; Galicia,NA,NA
{Moli de Baix} Albanyà; Girona; Cataluña,42.267254200000004,2.7770814
{Parc Sant Daniel} Calonge i Sant Antoni; Girona; Cataluña,41.8395597,3.0947202
{Rei del Corb} Llambilles; Girona; Cataluña,41.9314242,2.8556056
"{Los Camperones} Langreo; Asturias; Asturias, Principado de",43.2949172,-5.7442164
"{El Castrillón} Laviana; Asturias; Asturias, Principado de",43.2555902,-5.5658026
"{La Güérgula} Tinéu; Asturias; Asturias, Principado de",43.3338017,-6.4087307
"{La Soma} Villaviciosa; Asturias; Asturias, Principado de",43.4817214,-5.435574799999999
{El Barriete} Requena; València/Valencia; Comunitat Valenciana,39.4839013,-1.1014137
{Rei del Corb} Llambilles; Girona; Cataluña,41.9314242,2.8556056
"{La Güérgula} Tinéu; Asturias; Asturias, Principado de",43.3338017,-6.4087307
{Cortijo del Viento} Carboneras; Almería; Andalucía,37.02244,-1.92216
{San Martín} Valle de Mena; Burgos; Castilla y León,43.1085141,-3.2784825
{El Boi} Vistabella del Maestrat; Castelló/Castellón; Comunitat Valenciana,40.29381370000001,-0.2931178
{El Cepero} Porzuna; Ciudad Real; Castilla - La Mancha,39.281111,-4.189722
{El Citolero} Porzuna; Ciudad Real; Castilla - La Mancha,39.1477076,-4.1474019
{La Garlitera} Porzuna; Ciudad Real; Castilla - La Mancha,39.1621799,-4.2606586
{A Corredoira} Miño; A Coruña; Galicia,43.3395181,-8.1771654
{O Penedo} Miño; A Coruña; Galicia,43.3406141,-8.1748155
{Borreiros de Arriba} San Sadurniño; A Coruña; Galicia,43.2282818,-8.2762586
{Pedra Cuberta} Vimianzo; A Coruña; Galicia,43.0895543,-8.984605199999999
{La Barneda} Capmany; Girona; Cataluña,42.3749378,2.9221624
{Les Salines} Maçanet de Cabrenys; Girona; Cataluña,42.3870598,2.7493586
{Sarnella} El Port de la Selva; Girona; Cataluña,42.3514088,3.1870661
{Serra de Rodes} El Port de la Selva; Girona; Cataluña,42.3233925,3.1663708
{La Vedrenya} Artesa de Segre; Lleida; Cataluña,41.96004,1.10965
{Soto} Chantada; Lugo; Galicia,42.60838940000001,-7.769161599999999
"{Vegalatorre} Aller; Asturias; Asturias, Principado de",43.1609825,-5.622424199999999
"{La Pena de Samartinu} Cangas del Narcea; Asturias; Asturias, Principado de",43.175306,-6.5509561
"{Yema} Cangas del Narcea; Asturias; Asturias, Principado de",43.1413735,-6.5942668
"{El Pebidal} Castrillón; Asturias; Asturias, Principado de",43.3883242,-5.877718499999999
"{La Carba} Laviana; Asturias; Asturias, Principado de",43.2416247,-5.5537094
"{El Escobedal} Salas; Asturias; Asturias, Principado de",43.42204359999999,-6.2999626
"{El Yanu} San Martín del Rey Aurelio; Asturias; Asturias, Principado de",43.2753789,-5.604966
"{Valdaces} Villaviciosa; Asturias; Asturias, Principado de",43.48174179999999,-5.4359755
{Framilo} Crecente; Pontevedra; Galicia,42.157018,-8.238645
{Urbanització Cabeç Bort} Nàquera/Náquera; València/Valencia; Comunitat Valenciana,39.6598817,-0.4268889
"{El Pebidal} Castrillón; Asturias; Asturias, Principado de",43.3883242,-5.877718499999999
{Urbanització Cabeç Bort} Nàquera/Náquera; València/Valencia; Comunitat Valenciana,39.6598817,-0.4268889
{Fabrica Vermella} Manresa; Barcelona; Cataluña,41.7533597,1.8923719
{Rúa da Escola} Carral; A Coruña; Galicia,43.2246402,-8.3546409
{Quintá} Miño; A Coruña; Galicia,43.2829448,-8.055980600000002
{Travesía de Entíns} Outes; A Coruña; Galicia,42.8422356,-8.8967289
{A Pardiñeira} San Sadurniño; A Coruña; Galicia,43.5356271,-8.057429899999999
{O Redo} San Sadurniño; A Coruña; Galicia,43.5356271,-8.057429899999999
{Casanova} Teo; A Coruña; Galicia,42.8376964,-8.6031034
{Urbanització Port Des Pi} Begur; Girona; Cataluña,41.9731543,3.2201122
{Veinat Santa Anna} Darnius; Girona; Cataluña,42.151975,2.84018
{Ganix} Llagostera; Girona; Cataluña,41.8265523,2.8971602
{Roqueta} Mont-ras; Girona; Cataluña,41.9081233,3.1517209
{Aspre} Planoles; Girona; Cataluña,42.316176,2.103915
"{Morana} Grado; Asturias; Asturias, Principado de",NA,NA
"{Los Panes} Grado; Asturias; Asturias, Principado de",43.38731079999999,-6.073131800000001
"{La Piñera} Langreo; Asturias; Asturias, Principado de",43.3105006,-5.681259499999999
"{Les Peñes} Langreo; Asturias; Asturias, Principado de",43.383569,-5.7692765
"{La Xerra} San Martín del Rey Aurelio; Asturias; Asturias, Principado de",43.2751294,-5.6087488
"{Varaosa} San Martín del Rey Aurelio; Asturias; Asturias, Principado de",43.2753789,-5.604966
"{La Soledá} Tinéu; Asturias; Asturias, Principado de",43.3342858,-6.4166506
"{El Campu} Villaviciosa; Asturias; Asturias, Principado de",43.4822104,-5.4335698
"{Moreda} Villaviciosa; Asturias; Asturias, Principado de",NA,NA
{Les Montcades} Horta de Sant Joan; Tarragona; Cataluña,40.9538408,0.315441
{Urbanització la Planeta} Montferri; Tarragona; Cataluña,41.2649513,1.3704123
{Cantalpajaro} El Viso de San Juan; Toledo; Castilla - La Mancha,40.1423365,-3.9211009
{La Empelta} Serra; València/Valencia; Comunitat Valenciana,39.7127741,-0.4691097
{Ganix} Llagostera; Girona; Cataluña,41.8265523,2.8971602
"{La Soledá} Tinéu; Asturias; Asturias, Principado de",43.3342858,-6.4166506
{Les Montcades} Horta de Sant Joan; Tarragona; Cataluña,40.9538408,0.315441
{Croells-Serrat} Planoles; Girona; Cataluña,42.3173556,2.1144058
{Croells-Serrat} Planoles; Girona; Cataluña,42.3173556,2.1144058
{La Tapia} Valle de Mena; Burgos; Castilla y León,43.1085141,-3.2784825
{A Cruz} Irixoa; A Coruña; Galicia,NA,NA
{Xario} Miño; A Coruña; Galicia,43.3747604,-8.1904477
{Portolamas} San Sadurniño; A Coruña; Galicia,43.5356271,-8.057429899999999
{Croells-Serrat} Planoles; Girona; Cataluña,42.3173556,2.1144058
{Calamedina} Salobreña; Granada; Andalucía,36.7438215,-3.615938599999999
{Corxat} Torrefarrera; Lleida; Cataluña,41.6735229,0.6086583
{Salgados} Rairiz de Veiga; Ourense; Galicia,42.0826804,-7.832380499999999
"{L'Altu Santarvás} Cangas del Narcea; Asturias; Asturias, Principado de",43.1754052,-6.547568399999999
"{La Reguera'l Cabu} Cangas del Narcea; Asturias; Asturias, Principado de",43.0953448,-6.4687926
"{Soropeña} Grado; Asturias; Asturias, Principado de",43.3613953,-5.8593267000000004
"{Las Ferreras} Grado; Asturias; Asturias, Principado de",43.3724323,-6.0713553
"{La Llana'l Pandu} Langreo; Asturias; Asturias, Principado de",43.2948276,-5.693965299999999
"{La Quinta Norte} Laviana; Asturias; Asturias, Principado de",43.2450108,-5.561657299999999
"{Castañera} Lena; Asturias; Asturias, Principado de",43.1281027,-5.8059759
"{El Col.laón} Mieres; Asturias; Asturias, Principado de",43.2503639,-5.774407099999999
"{La Capilla} Oviedo; Asturias; Asturias, Principado de",43.362328,-5.8448351
"{Fuentelesroces} San Martín del Rey Aurelio; Asturias; Asturias, Principado de",43.2753789,-5.604966
"{La Casa Cima} San Martín del Rey Aurelio; Asturias; Asturias, Principado de",43.2751294,-5.6087488
"{Casamayor} Villaviciosa; Asturias; Asturias, Principado de",43.4817214,-5.435574799999999
{Valle Luís} Santa Cruz de Tenerife; Santa Cruz de Tenerife; Canarias,28.5109098,-16.2608715
{L'Alzineta} Rodonyà; Tarragona; Cataluña,41.2830589,1.3848211
{Corxat} Torrefarrera; Lleida; Cataluña,41.6735229,0.6086583
"{L'Altu Santarvás} Cangas del Narcea; Asturias; Asturias, Principado de",43.1754052,-6.547568399999999
{L'Alzineta} Rodonyà; Tarragona; Cataluña,41.2830589,1.3848211
"{L'Averu} Oviedo; Asturias; Asturias, Principado de",43.3734474,-5.829739
"{L'Averu} Oviedo; Asturias; Asturias, Principado de",43.3734474,-5.829739
{Urbanización el Palo} Albacete; Albacete; Castilla - La Mancha,NA,NA
{Los Olivicos} Carboneras; Almería; Andalucía,37.0029423,-1.9294681
{Can Comas} Canovelles; Barcelona; Cataluña,41.63545920000001,2.2684249
{El Crucero} Valle de Mena; Burgos; Castilla y León,43.1066374,-3.2032466
{A Pernuda} San Sadurniño; A Coruña; Galicia,43.5378127,-8.070004599999999
{El Guilar} Argelaguer; Girona; Cataluña,42.2160996,2.6415719
{Fosses} Planoles; Girona; Cataluña,42.3224281,2.1037308
{Cala Montgo} Torroella de Montgrí; Girona; Cataluña,42.1080756,3.1683443
{Gargallán} Castro de Rei; Lugo; Galicia,43.20730469999999,-7.398769400000001
"{El Quintu Legalidá} Aller; Asturias; Asturias, Principado de",43.1609825,-5.622424199999999
"{La Sierra} Aller; Asturias; Asturias, Principado de",43.2276536,-5.8346577
"{La Teyera} Amieva; Asturias; Asturias, Principado de",43.2518517,-5.124315699999999
"{La Braña} Cangas del Narcea; Asturias; Asturias, Principado de",43.1641771,-6.5180547
"{Vil.laicanes} Cangas del Narcea; Asturias; Asturias, Principado de",43.0780386,-6.545966900000001
"{Paraxas} Cangas del Narcea; Asturias; Asturias, Principado de",43.1756688,-6.5473786
"{Entelaiglesia} Grado; Asturias; Asturias, Principado de",43.3870837,-6.0743903
"{La Caleya} Langreo; Asturias; Asturias, Principado de",43.3081128,-5.6960562
"{El Corro} Langreo; Asturias; Asturias, Principado de",43.3243175,-5.7290296
"{La Güelga} Langreo; Asturias; Asturias, Principado de",43.3105006,-5.681259499999999
"{L'Horrón de Riba} Laviana; Asturias; Asturias, Principado de",43.2568735,-5.5598686
"{La Cueva} Piloña; Asturias; Asturias, Principado de",43.348181,-5.3809387
{Cal Canonge} Aiguamúrcia; Tarragona; Cataluña,41.3403463,1.4035822
"{L'Horrón de Riba} Laviana; Asturias; Asturias, Principado de",43.2568735,-5.5598686
"{La Cuesta} Villaviciosa; Asturias; Asturias, Principado de",43.48276329999999,-5.433004
{Vila-Rodona} Maià de Montcal; Girona; Cataluña,NA,NA
{Vila-Rodona} Maià de Montcal; Girona; Cataluña,NA,NA
{La Arboleja} Carboneras; Almería; Andalucía,NA,NA
"{Can Lluis} Santa Eulària des Riu; Illes Balears; Balears, Illes",38.9832087,1.531253
{Les Navades} Vistabella del Maestrat; Castelló/Castellón; Comunitat Valenciana,40.29381370000001,-0.2931178
{A Prata} Miño; A Coruña; Galicia,43.3539624,-8.1884949
{A Fonte} Miño; A Coruña; Galicia,43.37833149999999,-8.1992222
{A Fraga} San Sadurniño; A Coruña; Galicia,43.5088994,-8.0287057
{Penelas} Touro; A Coruña; Galicia,42.8286488,-8.530731099999999
{Usall} Maià de Montcal; Girona; Cataluña,42.2213489,2.7446554
{Vila-Rodona} Maià de Montcal; Girona; Cataluña,NA,NA
{Val de Ruda} Naut Aran; Lleida; Cataluña,42.700005,0.9309729999999999
{Narvils} Prullans; Lleida; Cataluña,42.3671114,1.720561
{O Cepetal} Castro de Rei; Lugo; Galicia,43.2086787,-7.401061299999999
"{Yanalamata} Aller; Asturias; Asturias, Principado de",43.175248,-5.7517488
"{La Casa'l Contu} Langreo; Asturias; Asturias, Principado de",43.2871302,-5.6704912
"{La Carabaña} Piloña; Asturias; Asturias, Principado de",43.3609466,-5.2421147
"{Laisancho} San Martín del Rey Aurelio; Asturias; Asturias, Principado de",43.2751294,-5.6087488
"{La Yana'l Pandu} San Martín del Rey Aurelio; Asturias; Asturias, Principado de",43.2753789,-5.604966
"{Salloses} San Martín del Rey Aurelio; Asturias; Asturias, Principado de",43.2753789,-5.604966
"{Les Tarandielles} Villaviciosa; Asturias; Asturias, Principado de",43.4813957,-5.4331929
{A Corga} Crecente; Pontevedra; Galicia,NA,NA
{Medio} Valle de Mena; Burgos; Castilla y León,43.1085141,-3.2784825
{Las Betetas} Porzuna; Ciudad Real; Castilla - La Mancha,39.1468093,-4.155215399999999
{Rubial} Boimorto; A Coruña; Galicia,NA,NA
{Reirís} Mesía; A Coruña; Galicia,NA,NA
{O Corgo} Ribeira; A Coruña; Galicia,NA,NA
{A Picheira} San Sadurniño; A Coruña; Galicia,43.3695746,-7.9574134
{O Fervedoiro} Santiso; A Coruña; Galicia,42.9561505,-8.0459218
{Moli de Dalt} Albanyà; Girona; Cataluña,42.267254200000004,2.7770814
{Cal Tinent} Celrà; Girona; Cataluña,42.0231326,2.870851
{Urbanització de les Figuerasses} El Port de la Selva; Girona; Cataluña,42.3377769,3.2039269
{Casa Carabinero} Trigueros; Huelva; Andalucía,37.3860409,-6.8371716
{Piñeiro} Ramirás; Ourense; Galicia,42.1743397,-8.0306657
"{Comenencia} Aller; Asturias; Asturias, Principado de",43.17923469999999,-5.7563958
"{L'Omeal} Aller; Asturias; Asturias, Principado de",43.1730544,-5.752404299999999
"{Ciel.la} Cangas del Narcea; Asturias; Asturias, Principado de",43.158805,-6.4988939
"{Penel.lada} Cangas del Narcea; Asturias; Asturias, Principado de",43.1754052,-6.547568399999999
"{Las Tablizas} Cangas del Narcea; Asturias; Asturias, Principado de",43.0430996,-6.6531904
"{Porciles} Cangas del Narcea; Asturias; Asturias, Principado de",43.1573338,-6.401936399999999
"{El Molín del Coz} Langreo; Asturias; Asturias, Principado de",43.1345949,-5.9187695
"{Molín del Rozóu} Langreo; Asturias; Asturias, Principado de",43.3201672,-5.6449735
"{La Quinta} Laviana; Asturias; Asturias, Principado de",43.2450108,-5.561657299999999
"{El Riquixu} Lena; Asturias; Asturias, Principado de",43.2196717,-5.7517552
"{Les Villes de Riba} Mieres; Asturias; Asturias, Principado de",43.24971900000001,-5.778528199999999
"{El Quentu la Frecha} Mieres; Asturias; Asturias, Principado de",43.248802,-5.772529
"{Los Pintos} Oviedo; Asturias; Asturias, Principado de",43.3613953,-5.8593267000000004
"{Miera} Piloña; Asturias; Asturias, Principado de",43.2877118,-5.4207769
"{Grigu} Salas; Asturias; Asturias, Principado de",43.4090892,-6.261637899999999
"{Ximiniz} San Martín del Rey Aurelio; Asturias; Asturias, Principado de",43.2753789,-5.604966
"{El Campillín} San Martín del Rey Aurelio; Asturias; Asturias, Principado de",NA,NA
"{La Rotura} San Martín del Rey Aurelio; Asturias; Asturias, Principado de",43.2753789,-5.604966
"{Moure} Tinéu; Asturias; Asturias, Principado de",43.1756688,-6.5473786
"{La Mota} Villaviciosa; Asturias; Asturias, Principado de",43.4813957,-5.4331929
"{La Castañera} Villaviciosa; Asturias; Asturias, Principado de",43.4813957,-5.4331929
"{Los Faroles} Villaviciosa; Asturias; Asturias, Principado de",43.501112,-5.4164916
{Los Hoyos} Aldeatejada; Salamanca; Castilla y León,40.925609,-5.690881900000001
{La Planeta} Aiguamúrcia; Tarragona; Cataluña,41.3296224,1.3586793
{La Quadra} El Catllar; Tarragona; Cataluña,41.1759037,1.3270397
"{L'Omeal} Aller; Asturias; Asturias, Principado de",43.1730544,-5.752404299999999
"{La Vega} Salas; Asturias; Asturias, Principado de",43.3627719,-6.239917699999999
{Fazahalí} Carboneras; Almería; Andalucía,37.0013319,-1.8899495
{La Meseta Alta} Carboneras; Almería; Andalucía,36.9991171,-1.8921411
{Can Gosc} Parets del Vallès; Barcelona; Cataluña,41.5720216,2.2309907
{Vilalba} La Roca del Vallès; Barcelona; Cataluña,41.6280064,2.3472578
{Can Franc} Vacarisses; Barcelona; Cataluña,41.4314195,2.1673278
{Tejerías} Tales; Castelló/Castellón; Comunitat Valenciana,39.9497621,-0.3060348
{A Fonte} A Capela; A Coruña; Galicia,43.45184690000001,-8.024700500000002
{A Cruz} Moeche; A Coruña; Galicia,NA,NA
{As Cortes} As Pontes de García Rodríguez; A Coruña; Galicia,NA,NA
{O Cando} San Sadurniño; A Coruña; Galicia,43.5356271,-8.057429899999999
{Urbanització Rec de Sa Tuna} Begur; Girona; Cataluña,41.9554094,3.2217898
{La Clamor de Rafales} Esplús; Huesca; Aragón,41.5180312,0.4487524999999999
{Les Cases de la Serra} Torrefeta i Florejacs; Lleida; Cataluña,41.7637122,1.2602228
{O Portelo} Guitiriz; Lugo; Galicia,43.1816306,-7.8922143
{Coto Da Rega} O Valadouro; Lugo; Galicia,43.5504705,-7.441123200000001
{As Maus} Rairiz de Veiga; Ourense; Galicia,42.0826804,-7.832380499999999
{A Touza} San Xoán de Río; Ourense; Galicia,42.3615839,-7.3395878
{Barreiros} San Cibrao das Viñas; Ourense; Galicia,NA,NA
"{El Val.le} Aller; Asturias; Asturias, Principado de",43.2966166,-5.677695099999999
"{Les Fureres} Aller; Asturias; Asturias, Principado de",43.1730544,-5.752404299999999
"{Cupuertu} Cangas del Narcea; Asturias; Asturias, Principado de",43.2021041,-6.655004399999999
"{Las Carballidas} Cangas del Narcea; Asturias; Asturias, Principado de",43.1773837,-6.5498404
"{La Imera} Cangas del Narcea; Asturias; Asturias, Principado de",43.1570231,-6.5409814
"{El L.leirón} Cangas del Narcea; Asturias; Asturias, Principado de",42.9873149,-6.630069199999999
"{Eirrondu la Folguera} Cangas del Narcea; Asturias; Asturias, Principado de",43.1696153,-6.626278699999999
"{La Peruyera} Carreño; Asturias; Asturias, Principado de",43.5892436,-5.7694006
"{La Xabina} Carreño; Asturias; Asturias, Principado de",43.5773613,-5.7503375
"{El Bravucu} Grado; Asturias; Asturias, Principado de",43.3870837,-6.0743903
"{La Foxaca} Grado; Asturias; Asturias, Principado de",43.3963163,-6.0799375
"{Vistalegre} Grado; Asturias; Asturias, Principado de",43.3968709,-6.0668987
"{Villota} Grado; Asturias; Asturias, Principado de",43.3635493,-6.038812
"{San Xusto} Langreo; Asturias; Asturias, Principado de",43.3308131,-5.6837596
"{Valdelesabeyes de Riba} Laviana; Asturias; Asturias, Principado de",43.2512628,-5.553546
"{La Paraína} Laviana; Asturias; Asturias, Principado de",43.2188524,-5.5701413
"{La Teyera} Lena; Asturias; Asturias, Principado de",43.1838307,-5.8145975
"{La Vallica l'Agua} San Martín del Rey Aurelio; Asturias; Asturias, Principado de",42.521303,9.053393999999999
"{Siana} Villaviciosa; Asturias; Asturias, Principado de",NA,NA
"{El Caliellu} Villaviciosa; Asturias; Asturias, Principado de",43.499794,-5.4264397
"{El Muriel} Villaviciosa; Asturias; Asturias, Principado de",43.4817214,-5.435574799999999
"{Los Viñones} Villaviciosa; Asturias; Asturias, Principado de",43.4813957,-5.4331929
"{Llaneces} Villaviciosa; Asturias; Asturias, Principado de",NA,NA
"{Les Llanes} Villaviciosa; Asturias; Asturias, Principado de",NA,NA
"{La Fuentona} Villaviciosa; Asturias; Asturias, Principado de",43.49956539999999,-5.4414108
{Las Cabañas} Villaralbo; Zamora; Castilla y León,41.494552,-5.683447999999999
{Viver de Vicort} Belmonte de Gracián; Zaragoza; Aragón,41.3398446,-1.45455
{Vilalba} La Roca del Vallès; Barcelona; Cataluña,41.6280064,2.3472578
{Viver de Vicort} Belmonte de Gracián; Zaragoza; Aragón,41.3398446,-1.45455
{A Granxa} Ribadeo; Lugo; Galicia,NA,NA
{Los Vicentes} Carboneras; Almería; Andalucía,37.0013319,-1.8899495
{Castell-llebre} Peramola; Lleida; Cataluña,42.0711881,1.2761101
{Castell-llebre} Peramola; Lleida; Cataluña,42.0711881,1.2761101
{Disseminats Muntanya} Premià de Dalt; Barcelona; Cataluña,41.5048954,2.3458198
{Borreiros de Abaixo} San Sadurniño; A Coruña; Galicia,NA,NA
{As Costeiras} San Sadurniño; A Coruña; Galicia,43.2664713,-7.964564999999999
{A Curuxa} San Sadurniño; A Coruña; Galicia,43.5378127,-8.070004599999999
{A Rega} San Sadurniño; A Coruña; Galicia,43.5356271,-8.057429899999999
{Gundisalva} San Sadurniño; A Coruña; Galicia,43.4974803,-8.088800899999999
{Urbanització Creu d'en Rallo} Begur; Girona; Cataluña,41.9731543,3.2201122
{Dos Cales} Begur; Girona; Cataluña,41.9535682,3.2077521
{Urbanització Cala del Rei} Begur; Girona; Cataluña,41.9731543,3.2201122
{El Espartal} Esplús; Huesca; Aragón,41.7985628,0.2734488
{Castell-llebre} Peramola; Lleida; Cataluña,42.0711881,1.2761101
{A Gamalleira} A Fonsagrada; Lugo; Galicia,43.100211,-6.9422166
{O Campo da Pena} Guitiriz; Lugo; Galicia,43.175273,-7.882289999999999
{A Venda} Rairiz de Veiga; Ourense; Galicia,42.0841402,-7.8908696
{Os Pinos} Ramirás; Ourense; Galicia,42.1852505,-8.041233799999999
"{El Pasaúriu} Aller; Asturias; Asturias, Principado de",43.1071389,-5.5184525
"{Fornos} Aller; Asturias; Asturias, Principado de",43.1497019,-5.6878736
"{La Yana} Amieva; Asturias; Asturias, Principado de",43.2704801,-5.128669100000001
"{L'Ardalí} Cangas del Narcea; Asturias; Asturias, Principado de",43.1756688,-6.5473786
"{Pontón} Cangas del Narcea; Asturias; Asturias, Principado de",43.1612668,-6.5410464
"{La Trechora} Langreo; Asturias; Asturias, Principado de",43.3095094,-5.6938207
"{La Caseta los Sierros} Lena; Asturias; Asturias, Principado de",43.1061282,-5.8179718
"{El Trechuru} Lena; Asturias; Asturias, Principado de",43.1825328,-5.8515887
"{El Cortijo} Lena; Asturias; Asturias, Principado de",43.17026120000001,-5.8303028
"{Cimielles} Mieres; Asturias; Asturias, Principado de",43.248802,-5.772529
"{La Corraína} Mieres; Asturias; Asturias, Principado de",43.1872692,-5.768968
"{El Molín} Oviedo; Asturias; Asturias, Principado de",43.3542178,-5.867643999999999
"{Les Pedraces} Piloña; Asturias; Asturias, Principado de",46.6158218,11.8936569
"{El Tabayón} Piloña; Asturias; Asturias, Principado de",43.2952119,-5.3573113
"{La Rozuca} Piloña; Asturias; Asturias, Principado de",43.35987110000001,-5.246252999999999
"{Vistalegre} Piloña; Asturias; Asturias, Principado de",43.3465237,-5.3642441
"{Colubredo} Salas; Asturias; Asturias, Principado de",43.4090892,-6.261637899999999
"{Ciñera} San Martín del Rey Aurelio; Asturias; Asturias, Principado de",NA,NA
"{El Mayáu Solís} San Martín del Rey Aurelio; Asturias; Asturias, Principado de",43.30440129999999,-5.6487536
"{Los Chanos} Tinéu; Asturias; Asturias, Principado de",43.1151955,-6.628597
"{La Trocha} Villaviciosa; Asturias; Asturias, Principado de",43.4916829,-5.424131
"{Irís} Villaviciosa; Asturias; Asturias, Principado de",43.4813957,-5.4331929
"{Les Fontines} Villaviciosa; Asturias; Asturias, Principado de",43.4813957,-5.4331929
"{San Bras} Villaviciosa; Asturias; Asturias, Principado de",43.48276329999999,-5.433004
"{Valduera} Villaviciosa; Asturias; Asturias, Principado de",43.4813957,-5.4331929
{A Pedreira de Guimeráns} A Cañiza; Pontevedra; Galicia,42.502951,-8.7429543
{A Cruz} Forcarei; Pontevedra; Galicia,NA,NA
{A Chan da Salgosa} As Neves; Pontevedra; Galicia,42.085819,-8.452976
{La Sort} L'Argentera; Tarragona; Cataluña,41.13750599999999,0.9089423999999999
"{L'Ardalí} Cangas del Narcea; Asturias; Asturias, Principado de",43.1756688,-6.5473786
"{El Molín} Oviedo; Asturias; Asturias, Principado de",43.3542178,-5.867643999999999
"{Los Chanos} Tinéu; Asturias; Asturias, Principado de",43.1151955,-6.628597
{La Rellana de la Cruz} Carboneras; Almería; Andalucía,37.0013319,-1.8899495
{Cadaval} Carballo; A Coruña; Galicia,NA,NA
"{El Praón} Mieres; Asturias; Asturias, Principado de",43.3415562,-5.5562752
{Pleta de Bolvir-Ger} Ger; Girona; Cataluña,42.4176471,1.8683249
{La Serrata} Carboneras; Almería; Andalucía,37.0013319,-1.8899495
"{Polígon Industrial} Sant Lluís; Illes Balears; Balears, Illes",39.859179,4.261254
{Ahedo} Valle de Mena; Burgos; Castilla y León,43.0368751,-3.1744534
{O Río da Aldea} Arzúa; A Coruña; Galicia,42.9420969,-8.128052799999999
{As Congostras} Moeche; A Coruña; Galicia,43.5613091,-8.0146354
{Mandra} San Sadurniño; A Coruña; Galicia,43.5356271,-8.057429899999999
{O Redondo} San Sadurniño; A Coruña; Galicia,43.56570430000001,-8.2194182
{Os Pantis} San Sadurniño; A Coruña; Galicia,43.4881266,-8.199241599999999
{A Vella Morta} San Sadurniño; A Coruña; Galicia,43.3703193,-8.3933426
{A Penamoura} San Sadurniño; A Coruña; Galicia,43.5131293,-8.0748447
{Urbanització S'Antiga} Begur; Girona; Cataluña,41.9704898,3.219658
{Pleta de Bolvir-Ger} Ger; Girona; Cataluña,42.4176471,1.8683249
{El Taller} Ogassa; Girona; Cataluña,41.9828511,2.8160732
{Ignasi Sagnier} Sant Feliu de Buixalleu; Girona; Cataluña,41.7377439,2.6158827
{Montfalcó} Viacamp y Litera; Huesca; Aragón,42.051997,0.6555949999999999
{Pontaut} Canejan; Lleida; Cataluña,42.835475,0.7304421
{Berrader} Espot; Lleida; Cataluña,42.5758342,1.0879541
{Ambret} Prullans; Lleida; Cataluña,42.3807727,1.737069
{A Pedra} O Corgo; Lugo; Galicia,42.88833,-7.521697000000001
{A Requeixada} Ribadeo; Lugo; Galicia,NA,NA
{Pousada de Abaixo} Castro Caldelas; Ourense; Galicia,42.3853891,-7.446290800000001
{As Ratoeiras} Montederramo; Ourense; Galicia,42.274451,-7.5021654
"{Legalidá} Aller; Asturias; Asturias, Principado de",43.175248,-5.7517488
"{El Terceru Legalidá} Aller; Asturias; Asturias, Principado de",43.175248,-5.7517488
"{Naveo} Aller; Asturias; Asturias, Principado de",43.055067,-5.7659081
"{La Palombar} Aller; Asturias; Asturias, Principado de",43.3100777,-5.9136656
"{El Val.le los Umeiros} Cangas del Narcea; Asturias; Asturias, Principado de",43.1044097,-6.5356449
"{El Cotu} Cangas del Narcea; Asturias; Asturias, Principado de",43.0247745,-6.561471500000001
"{El Monte} Corvera de Asturias; Asturias; Asturias, Principado de",43.52582169999999,-5.8728034
"{El Pozancu} Grado; Asturias; Asturias, Principado de",43.3870837,-6.0743903
"{El Colláu} Grado; Asturias; Asturias, Principado de",43.3870837,-6.0743903
"{El Colláu} Langreo; Asturias; Asturias, Principado de",43.3613953,-5.8593267000000004
"{El Túnel} Langreo; Asturias; Asturias, Principado de",43.3413867,-5.709209899999999
"{La Rionda} Langreo; Asturias; Asturias, Principado de",43.3081128,-5.6960562
"{El Vallucu} Langreo; Asturias; Asturias, Principado de",43.2954511,-5.6839991
"{La Carba les Llanes} Laviana; Asturias; Asturias, Principado de",43.2416247,-5.5537094
"{Llancuervu} Laviana; Asturias; Asturias, Principado de",43.2470745,-5.563998499999999
"{El Pandu} Laviana; Asturias; Asturias, Principado de",43.3517234,-5.5021811
"{La Cagüernia} Laviana; Asturias; Asturias, Principado de",43.2470745,-5.563998499999999
"{El Col.léu} Lena; Asturias; Asturias, Principado de",43.1578492,-5.829047399999999
"{Cabo} Lena; Asturias; Asturias, Principado de",43.1581628,-5.8293252
"{El Retel.lón} Lena; Asturias; Asturias, Principado de",43.1683735,-5.8222694
"{El Vayo} Lena; Asturias; Asturias, Principado de",43.1591428,-5.8292909
"{El Plano} Mieres; Asturias; Asturias, Principado de",43.3613953,-5.8593267000000004
"{Sobrepuenes} Mieres; Asturias; Asturias, Principado de",43.2497264,-5.778528199999999
"{L'Hedráu} Piloña; Asturias; Asturias, Principado de",43.3611454,-5.2646592
"{Viriu} Piloña; Asturias; Asturias, Principado de",43.2999077,-5.363035099999999
"{Santueñina} Salas; Asturias; Asturias, Principado de",43.4093046,-6.262156699999999
"{Vega de los Peredos} Salas; Asturias; Asturias, Principado de",43.4093046,-6.262156699999999
"{La Cabiella} San Martín del Rey Aurelio; Asturias; Asturias, Principado de",43.2751294,-5.6087488
"{Les Bornaes} San Martín del Rey Aurelio; Asturias; Asturias, Principado de",43.2753789,-5.604966
"{El Solano} San Martín del Rey Aurelio; Asturias; Asturias, Principado de",43.2751294,-5.6087488
"{La Venta} San Martín del Rey Aurelio; Asturias; Asturias, Principado de",43.2767465,-5.6072088
"{Requeixu} Tinéu; Asturias; Asturias, Principado de",43.3613953,-5.8593267000000004
"{Ñava} Villaviciosa; Asturias; Asturias, Principado de",43.4813957,-5.4331929
"{El Charcón} Villaviciosa; Asturias; Asturias, Principado de",43.4421048,-5.3632257
"{El Coche} Villaviciosa; Asturias; Asturias, Principado de",NA,NA
"{Los Cuadros} Villaviciosa; Asturias; Asturias, Principado de",43.4817214,-5.435574799999999
"{Pelamanta} Villaviciosa; Asturias; Asturias, Principado de",43.4485091,-5.4266216
"{L'Abadia} Villaviciosa; Asturias; Asturias, Principado de",43.4819745,-5.4369125
"{Muñones} Villaviciosa; Asturias; Asturias, Principado de",43.4813957,-5.4331929
"{La Parada} Villaviciosa; Asturias; Asturias, Principado de",43.4813986,-5.435377600000001
{Lougarés} Crecente; Pontevedra; Galicia,42.1503497,-8.223690399999999
{Ramiráns} O Porriño; Pontevedra; Galicia,42.1641478,-8.621055
{Torre do Sino} Ponteareas; Pontevedra; Galicia,42.1744871,-8.5014533
{Finca la Cordillera} Aldeatejada; Salamanca; Castilla y León,40.925609,-5.690881900000001
{Espinosa} Valdeolea; Cantabria; Cantabria,42.92835609999999,-4.2169975
{O Río da Aldea} Arzúa; A Coruña; Galicia,42.9420969,-8.128052799999999
{Pontaut} Canejan; Lleida; Cataluña,42.835475,0.7304421
{Berrader} Espot; Lleida; Cataluña,42.5758342,1.0879541
"{El Retel.lón} Lena; Asturias; Asturias, Principado de",43.1683735,-5.8222694
"{L'Hedráu} Piloña; Asturias; Asturias, Principado de",43.3611454,-5.2646592
"{Requeixu} Tinéu; Asturias; Asturias, Principado de",43.3613953,-5.8593267000000004
"{L'Abadia} Villaviciosa; Asturias; Asturias, Principado de",43.4819745,-5.4369125
"{La Fuente} Mieres; Asturias; Asturias, Principado de",43.2497264,-5.778528199999999
{Los Berneses} Carboneras; Almería; Andalucía,37.0013319,-1.8899495
{Urbanització Vinya Ceguet} Gelida; Barcelona; Cataluña,41.4517079,1.8784673
{Els Polvorers} Manresa; Barcelona; Cataluña,41.7134442,1.8295046
{Las Cuevas} Valle de Mena; Burgos; Castilla y León,43.1764111,-3.248779
{Via} Valle de Mena; Burgos; Castilla y León,43.1085141,-3.2784825
{Penyagolosa} Vistabella del Maestrat; Castelló/Castellón; Comunitat Valenciana,40.29381370000001,-0.2931178
{Mas del Pi} Sant Joan de Moró; Castelló/Castellón; Comunitat Valenciana,40.0100896,-0.1342227
{Grandarroiba} Mañón; A Coruña; Galicia,43.6537247,-7.730807
{A Veiga} As Pontes de García Rodríguez; A Coruña; Galicia,NA,NA
{Carrio} San Sadurniño; A Coruña; Galicia,43.5343915,-8.0723279
{A Casa Tellada} San Sadurniño; A Coruña; Galicia,43.4997727,-8.0243918
{O Pomar} San Sadurniño; A Coruña; Galicia,42.9280627,-8.1022863
{A Ferrecha} San Sadurniño; A Coruña; Galicia,43.5356271,-8.057429899999999
{Candail} San Sadurniño; A Coruña; Galicia,43.5343915,-8.0723279
{O Chao do Pio} San Sadurniño; A Coruña; Galicia,43.5298702,-8.0709894
{Urbanització Puig del Montcal} Begur; Girona; Cataluña,41.9398483,3.1930302
{La Corona} Bolvir; Girona; Cataluña,42.4167967,1.8866949
{La Pleta} Bolvir; Girona; Cataluña,42.4176471,1.8683249
{Sant Baldiri} Cistella; Girona; Cataluña,42.2697525,2.8476756
{Mur} Castell de Mur; Lleida; Cataluña,42.1046566,0.8579818
{A Campa de Fieiró} Cervantes; Lugo; Galicia,42.8267767,-6.9329962
{O Cepedo} Chantada; Lugo; Galicia,42.6705468,-7.8519703
{Os Lobás} Vilalba; Lugo; Galicia,43.3067065,-7.6864116
{Casanova} Xunqueira de Espadanedo; Ourense; Galicia,42.3180571,-7.6292741
{O Bao} Manzaneda; Ourense; Galicia,42.2730457,-7.2925002
"{Omeo} Aller; Asturias; Asturias, Principado de",43.1497019,-5.6878736
"{El Palacio} Aller; Asturias; Asturias, Principado de",43.2129628,-5.6486838
"{Pineo} Aller; Asturias; Asturias, Principado de",43.1497019,-5.6878736
"{Orozá} Aller; Asturias; Asturias, Principado de",43.1497019,-5.6878736
"{Los Caneyones} Amieva; Asturias; Asturias, Principado de",43.2518517,-5.124315699999999
"{La H.uente'l Sapu} Amieva; Asturias; Asturias, Principado de",43.2518517,-5.124315699999999
"{El Molín de la Llastra} Amieva; Asturias; Asturias, Principado de",43.4341131,-4.941834099999999
"{Táranu} Cangas del Narcea; Asturias; Asturias, Principado de",43.1756688,-6.5473786
"{La Ceposa} Langreo; Asturias; Asturias, Principado de",43.2972978,-5.7416659
"{El Llosón} Laviana; Asturias; Asturias, Principado de",43.2427989,-5.5589688
"{El Campu} Laviana; Asturias; Asturias, Principado de",43.1832187,-5.3448756
"{El Paréu} Laviana; Asturias; Asturias, Principado de",43.2470745,-5.563998499999999
"{La Vaúga} Laviana; Asturias; Asturias, Principado de",43.1552707,-5.6086867
"{L'Artaúsu} Laviana; Asturias; Asturias, Principado de",43.2191893,-5.689024600000001
"{Corravieya} Lena; Asturias; Asturias, Principado de",43.1581628,-5.8293252
"{Los Barreros} Mieres; Asturias; Asturias, Principado de",43.3524032,-5.7855302
"{Friera} Oviedo; Asturias; Asturias, Principado de",43.3619145,-5.8493887
"{La Torre} Piloña; Asturias; Asturias, Principado de",43.336924,-5.2878735
"{El Covayón} Piloña; Asturias; Asturias, Principado de",43.3617225,-5.358876299999999
"{Buenavista} Salas; Asturias; Asturias, Principado de",43.4090892,-6.261637899999999
"{La Mosnera} San Martín del Rey Aurelio; Asturias; Asturias, Principado de",43.2751294,-5.6087488
"{Algara} Villaviciosa; Asturias; Asturias, Principado de",43.4697935,-5.4431237
"{Les Caleyes} Villaviciosa; Asturias; Asturias, Principado de",43.4864397,-5.4284979
"{Miares} Villaviciosa; Asturias; Asturias, Principado de",43.4817214,-5.435574799999999
"{Les Vegues} Villaviciosa; Asturias; Asturias, Principado de",43.45693,-5.4231804
"{Los Molinos} Villaviciosa; Asturias; Asturias, Principado de",43.4611526,-5.4386454
"{Ñabla} Villaviciosa; Asturias; Asturias, Principado de",43.4817214,-5.435574799999999
"{Cabrafíu} Villaviciosa; Asturias; Asturias, Principado de",43.4813957,-5.4331929
"{Les Cuartes} Villaviciosa; Asturias; Asturias, Principado de",43.486374,-5.432239099999999
{Altos del Sil} Páramo de Boedo; Palencia; Castilla y León,42.6133734,-5.5993577
{Os Blancos} A Cañiza; Pontevedra; Galicia,NA,NA
{Els Polvorers} Manresa; Barcelona; Cataluña,41.7134442,1.8295046
{Gillue} Sabiñánigo; Huesca; Aragón,42.4190538,-0.1751061
"{San Miguel de Quiloño} Castrillón; Asturias; Asturias, Principado de",43.5572374,-5.9697647
"{L'Artaúsu} Laviana; Asturias; Asturias, Principado de",43.2191893,-5.689024600000001
"{Algara} Villaviciosa; Asturias; Asturias, Principado de",43.4697935,-5.4431237
{Altos del Sil} Páramo de Boedo; Palencia; Castilla y León,42.6133734,-5.5993577
"{Can Clavos-Ca Na Palava} Santa Eulària des Riu; Illes Balears; Balears, Illes",38.9580951,1.44473
"{Can Clavos-Ca Na Palava} Santa Eulària des Riu; Illes Balears; Balears, Illes",38.9580951,1.44473
{Araotz-Zubia} Oñati; Gipuzkoa; País Vasco,42.9917259,-2.4551607
{Araotz-Elizate} Oñati; Gipuzkoa; País Vasco,43.0005703,-2.4330201
{Bilañoko Esparrua/Cerca de Villaño} Urduña/Orduña; Bizkaia; País Vasco,43.2227257,-3.313455
{Bilañoko Esparrua/Cerca de Villaño} Urduña/Orduña; Bizkaia; País Vasco,43.2227257,-3.313455
{Colonia de la Hispanidad} Salinas; Alacant/Alicante; Comunitat Valenciana,38.3642543,-0.4962552
{Los Loberos} Carboneras; Almería; Andalucía,37.0013319,-1.8899495
{El Depósito} Carboneras; Almería; Andalucía,37.000676,-1.8963286
{El Ventorrillo} Carboneras; Almería; Andalucía,NA,NA
{El Salto del Lobo} Sorbas; Almería; Andalucía,37.0718972,-2.0473744
"{Can Clavos-Ca Na Palava} Santa Eulària des Riu; Illes Balears; Balears, Illes",38.9580951,1.44473
"{Can Xiquet Pou} Santa Eulària des Riu; Illes Balears; Balears, Illes",38.9938265,1.5224367
{Pla de la Costa} Sant Feliu de Codines; Barcelona; Cataluña,41.6956211,2.1597595
{Can Sebastianet} Sant Pere de Vilamajor; Barcelona; Cataluña,41.6807763,2.363433
{La Carta} Valle de Mena; Burgos; Castilla y León,43.1085141,-3.2784825
{La Azuela} Valle de Mena; Burgos; Castilla y León,43.1363916,-3.191643
{Pantano} Valle de Mena; Burgos; Castilla y León,43.1611914,-3.2823462
{San Bartolomé} Valle de Mena; Burgos; Castilla y León,43.1085141,-3.2784825
{Benachera} Castillo de Villamalefa; Castelló/Castellón; Comunitat Valenciana,40.096166,-0.4007384
{El Encinarejo} Porzuna; Ciudad Real; Castilla - La Mancha,39.1467063,-4.1541157
{Oría} A Capela; A Coruña; Galicia,43.45184690000001,-8.024700500000002
{As Aveas} Carballo; A Coruña; Galicia,43.2128129,-8.6915927
{As Figueiras} Carballo; A Coruña; Galicia,43.070816,-8.713363
{Leiras} Cedeira; A Coruña; Galicia,43.661293,-8.039135
{Monte Tras Da Costa} A Coruña; A Coruña; Galicia,42.78764570000001,-8.9932105
{O Cabaleiro} A Laracha; A Coruña; Galicia,43.24827,-8.5844049
{Os Vieiros} Miño; A Coruña; Galicia,42.878558,-8.548135
{O Pedregal} Moeche; A Coruña; Galicia,43.5628597,-7.9557426
{Xubia (San Xosé Obreiro)} Narón; A Coruña; Galicia,NA,NA
{Xubia (Santa Icía)} Narón; A Coruña; Galicia,NA,NA
{Xubia (Santiago Apóstolo)} Narón; A Coruña; Galicia,43.4937968,-8.1993735
{A Coviña} Outes; A Coruña; Galicia,NA,NA
{Aguabar} Pontedeume; A Coruña; Galicia,43.4074479,-8.1699094
{O Cristo} As Pontes de García Rodríguez; A Coruña; Galicia,43.4526554,-7.852369
{As Teixoeiras} As Pontes de García Rodríguez; A Coruña; Galicia,NA,NA
{Raque} As Pontes de García Rodríguez; A Coruña; Galicia,43.4526554,-7.852369
{O Escoitadoiro} San Sadurniño; A Coruña; Galicia,43.5356271,-8.057429899999999
{O Pico de Caince} San Sadurniño; A Coruña; Galicia,43.5247647,-8.0187358
{O Carazo} San Sadurniño; A Coruña; Galicia,43.49998050000001,-8.025402999999999
{A Fraga Nova} San Sadurniño; A Coruña; Galicia,43.4983898,-8.0112563
{A Granxa} San Sadurniño; A Coruña; Galicia,43.5298702,-8.0709894
{Sopenedo} San Sadurniño; A Coruña; Galicia,43.5356271,-8.057429899999999
{Tiraz} San Sadurniño; A Coruña; Galicia,43.4983898,-8.0112563
{Tineo} San Sadurniño; A Coruña; Galicia,43.5924287,-8.0582824
{O Pumariño} San Sadurniño; A Coruña; Galicia,43.5356271,-8.057429899999999
{Castrelo} Sobrado; A Coruña; Galicia,NA,NA
{O Fronzal} As Somozas; A Coruña; Galicia,43.525681,-7.9266015
{Casal de Buela} Teo; A Coruña; Galicia,NA,NA
{Oural} Cariño; A Coruña; Galicia,NA,NA
{Abruñás} Oza-Cesuras; A Coruña; Galicia,43.1802266,-8.1927726
{Ribelles} Albanyà; Girona; Cataluña,NA,NA
{Pla de Ses Vinyes} Begur; Girona; Cataluña,41.925563,3.183664
{Sector Residencial Golf} Caldes de Malavella; Girona; Cataluña,41.858697,2.766724
{Urbanització els Vilars} Calonge i Sant Antoni; Girona; Cataluña,41.82957210000001,3.0736299
{Balmes} Celrà; Girona; Cataluña,42.0238306,2.8756979
{S'Alguer} Palamós; Girona; Cataluña,41.8620988,3.1518504
{Els Vernets} Viladrau; Girona; Cataluña,41.8455849,2.3911187
{Canyelles} Vilajuïga; Girona; Cataluña,NA,NA
{Araotz-Zubia} Oñati; Gipuzkoa; País Vasco,42.9917259,-2.4551607
{Araotz-Elizate} Oñati; Gipuzkoa; País Vasco,43.0005703,-2.4330201
{Llavaners} Soriguera; Lleida; Cataluña,42.3772642,1.1453105
{Les Cases de l'Estació} Castell de Mur; Lleida; Cataluña,42.1046566,0.8579818
{Fonte da Saúde} Becerreá; Lugo; Galicia,42.8493951,-7.1598769
{A Carunchada} Becerreá; Lugo; Galicia,42.8519874,-7.1594903
{A Casa do Barrio} Carballedo; Lugo; Galicia,NA,NA
{Penamoura} O Corgo; Lugo; Galicia,42.9551434,-7.474820999999999
{Fixós} Chantada; Lugo; Galicia,42.6109991,-7.7706788
{Valiños} A Fonsagrada; Lugo; Galicia,43.1247227,-7.0688228
{Amedo} Monforte de Lemos; Lugo; Galicia,42.5190217,-7.5158063
{Boelle} Negueira de Muñiz; Lugo; Galicia,43.1343318,-6.893707399999999
{O Rego Cavado} Ourol; Lugo; Galicia,43.5645691,-7.6422864
{Liñeiro} Ribadeo; Lugo; Galicia,43.5122469,-7.1144039
{A Veiga} Samos; Lugo; Galicia,42.7298985,-7.3310048
{A Pereira} Taboada; Lugo; Galicia,NA,NA
{Suaigrexa} Viveiro; Lugo; Galicia,43.6267128,-7.687799299999999
"{Isla Grosa} Cartagena; Murcia; Murcia, Región de",37.72763339999999,-0.7075593
"{Charco de la Peña} Jumilla; Murcia; Murcia, Región de",38.48226,-1.336362
"{Roche} Lorca; Murcia; Murcia, Región de",37.9857153,-1.1321937
"{Triana} Moratalla; Murcia; Murcia, Región de",38.1884642,-1.8908842
"{Los Castillicos} Moratalla; Murcia; Murcia, Región de",37.8135029,-0.7916943999999999
"{Uloci} Arce/Artzi; Navarra; Navarra, Comunidad Foral de",42.8527618,-1.3754708
{Venta do Río} Allariz; Ourense; Galicia,42.1895779,-7.8012216
{Alende} Castro Caldelas; Ourense; Galicia,42.404941,-7.375397299999999
{A Tapada} Castro Caldelas; Ourense; Galicia,NA,NA
"{Rotella} Aller; Asturias; Asturias, Principado de",43.1703146,-5.764489600000001
"{El Tarancón} Aller; Asturias; Asturias, Principado de",43.175248,-5.7517488
"{La Teyera} Aller; Asturias; Asturias, Principado de",43.283753,-5.7625708
"{Arnoste} Aller; Asturias; Asturias, Principado de",43.1497019,-5.6878736
"{Les Bolgueres} Aller; Asturias; Asturias, Principado de",43.1505663,-5.5845865
"{El Pendu la Tabla} Aller; Asturias; Asturias, Principado de",43.1505663,-5.5845865
"{Roseco} Aller; Asturias; Asturias, Principado de",43.1497019,-5.6878736
"{Los Col.laínos} Aller; Asturias; Asturias, Principado de",43.0611381,-5.5623774
"{L.longalendo} Aller; Asturias; Asturias, Principado de",43.1730544,-5.752404299999999
"{Perea} Aller; Asturias; Asturias, Principado de",43.1730544,-5.752404299999999
"{Les Barroses} Aller; Asturias; Asturias, Principado de",43.0611381,-5.5623774
"{La Viesca} Aller; Asturias; Asturias, Principado de",43.2913881,-5.752940499999999
"{La Cantera} Aller; Asturias; Asturias, Principado de",43.268428,-5.7048121
"{Pumardenuño} Aller; Asturias; Asturias, Principado de",43.1497019,-5.6878736
"{Les Estazaes} Amieva; Asturias; Asturias, Principado de",43.2641195,-5.123674299999999
"{H.umoriu} Amieva; Asturias; Asturias, Principado de",43.1867391,-5.076553
"{La Llandera} Amieva; Asturias; Asturias, Principado de",43.2453837,-5.0911062
"{Matagüés} Amieva; Asturias; Asturias, Principado de",43.2641195,-5.123674299999999
"{Vil.lar de los Indianos} Cangas del Narcea; Asturias; Asturias, Principado de",43.0709605,-6.4301624
"{Veigalapiedra} Cangas del Narcea; Asturias; Asturias, Principado de",43.1666712,-6.513906299999999
"{Zrame} Cangas del Narcea; Asturias; Asturias, Principado de",43.1773837,-6.5498404
"{La Veiga de Pinl.lés} Cangas del Narcea; Asturias; Asturias, Principado de",43.1044097,-6.5356449
"{El Sanatorio} Carreño; Asturias; Asturias, Principado de",43.54015829999999,-5.6646084
"{L'Aspriella} Grado; Asturias; Asturias, Principado de",43.3870837,-6.0743903
"{El Puente de Seaza} Grado; Asturias; Asturias, Principado de",43.319066,-6.169199
"{La Campusa} Grado; Asturias; Asturias, Principado de",43.3870837,-6.0743903
"{Les Binaes} Langreo; Asturias; Asturias, Principado de",43.2938918,-5.6983979
"{La Traba} Langreo; Asturias; Asturias, Principado de",43.3081128,-5.6960562
"{Foyeo} Langreo; Asturias; Asturias, Principado de",43.3105006,-5.681259499999999
"{Les Hedreres} Langreo; Asturias; Asturias, Principado de",43.28852879999999,-5.669435099999999
"{El Sestu} Langreo; Asturias; Asturias, Principado de",43.2960544,-5.6836782
"{Los Tablones} Langreo; Asturias; Asturias, Principado de",43.2954511,-5.6839991
"{Los Valles} Langreo; Asturias; Asturias, Principado de",43.3081128,-5.6960562
"{L'Utillu Baxo} Langreo; Asturias; Asturias, Principado de",43.3081128,-5.6960562
"{La Xusta} Langreo; Asturias; Asturias, Principado de",43.3081128,-5.6960562
"{El Rebollín} Langreo; Asturias; Asturias, Principado de",43.3243175,-5.7290296
"{Vaoto} Langreo; Asturias; Asturias, Principado de",43.3081128,-5.6960562
"{Llodero} Langreo; Asturias; Asturias, Principado de",43.3081128,-5.6960562
"{Zanceo} Langreo; Asturias; Asturias, Principado de",43.3081128,-5.6960562
"{El Monte} Langreo; Asturias; Asturias, Principado de",43.3081128,-5.6960562
"{El Reguerín} Langreo; Asturias; Asturias, Principado de",43.307823,-5.6958195
"{El Molín de la Maña} Langreo; Asturias; Asturias, Principado de",43.3081128,-5.6960562
"{La Re Miguel} Langreo; Asturias; Asturias, Principado de",43.2950343,-5.6819255
"{El Reguerón} Langreo; Asturias; Asturias, Principado de",43.3081128,-5.6960562
"{La Coruxera} Laviana; Asturias; Asturias, Principado de",43.2345348,-5.5400037
"{L ' Umines} Laviana; Asturias; Asturias, Principado de",43.2470745,-5.563998499999999
"{El Patarín} Laviana; Asturias; Asturias, Principado de",43.2470745,-5.563998499999999
"{El Caleyón} Laviana; Asturias; Asturias, Principado de",43.2346021,-5.5555356
"{El Corazal} Laviana; Asturias; Asturias, Principado de",43.2470745,-5.563998499999999
"{El Rosil} Laviana; Asturias; Asturias, Principado de",43.2166293,-5.5662541
"{El Tendiyón} Laviana; Asturias; Asturias, Principado de",43.2470745,-5.563998499999999
"{La Llosagra} Laviana; Asturias; Asturias, Principado de",43.2470745,-5.563998499999999
"{La Caseta'l Rublín} Lena; Asturias; Asturias, Principado de",43.1061282,-5.8179718
"{La Envarniega} Lena; Asturias; Asturias, Principado de",43.1061282,-5.8179718
"{Ferreras} Lena; Asturias; Asturias, Principado de",43.1061282,-5.8179718
"{Las Pegas} Lena; Asturias; Asturias, Principado de",43.1581628,-5.8293252
"{Río} Lena; Asturias; Asturias, Principado de",43.1494383,-5.8213326
"{La Rúa} Lena; Asturias; Asturias, Principado de",43.1578492,-5.829047399999999
"{El Casitu} Lena; Asturias; Asturias, Principado de",43.1581628,-5.8293252
"{El Coveyu} Lena; Asturias; Asturias, Principado de",43.1581628,-5.8293252
"{La Cueva} Lena; Asturias; Asturias, Principado de",43.1648546,-5.9826622
"{Los Consorios} Lena; Asturias; Asturias, Principado de",43.1254826,-5.796855
"{Pelái} Lena; Asturias; Asturias, Principado de",43.1581628,-5.8293252
"{La Bildosa} Lena; Asturias; Asturias, Principado de",43.1581628,-5.8293252
"{La Casanueva} Lena; Asturias; Asturias, Principado de",43.1659701,-5.7384138
"{Las Figares} Lena; Asturias; Asturias, Principado de",43.2743415,-5.8722585
"{Ribó} Lena; Asturias; Asturias, Principado de",43.1683735,-5.8222694
"{L.landicuandia} Lena; Asturias; Asturias, Principado de",43.1581628,-5.8293252
"{El Retrunal} Lena; Asturias; Asturias, Principado de",43.1581628,-5.8293252
"{L'Ortigal} Mieres; Asturias; Asturias, Principado de",43.248802,-5.772529
"{El Molín} Mieres; Asturias; Asturias, Principado de",43.1345949,-5.9187695
"{La Fariega} Mieres; Asturias; Asturias, Principado de",43.2497264,-5.778528199999999
"{Les Cases del Molín} Mieres; Asturias; Asturias, Principado de",43.2497264,-5.778528199999999
"{La Barca} Mieres; Asturias; Asturias, Principado de",43.2497264,-5.778528199999999
"{Molino del Majo} Mieres; Asturias; Asturias, Principado de",43.2497264,-5.778528199999999
"{Prado Picon} Mieres; Asturias; Asturias, Principado de",43.2512111,-5.778020499999999
"{Casas de Candamo} Mieres; Asturias; Asturias, Principado de",43.278235,-5.807136
"{Cuteranes} Mieres; Asturias; Asturias, Principado de",43.248802,-5.772529
"{La Funtiquina} Mieres; Asturias; Asturias, Principado de",43.248802,-5.772529
"{Casas de Don Fermin} Mieres; Asturias; Asturias, Principado de",43.278235,-5.807136
"{El Prau'l Conde} Mieres; Asturias; Asturias, Principado de",43.248802,-5.772529
"{La Collá} Mieres; Asturias; Asturias, Principado de",43.1909324,-5.812588
"{Peruyales} Mieres; Asturias; Asturias, Principado de",43.248802,-5.772529
"{La Segá} Mieres; Asturias; Asturias, Principado de",43.248802,-5.772529
"{El Castañíu} Mieres; Asturias; Asturias, Principado de",43.169425,-5.630504000000001
"{Navalina} Mieres; Asturias; Asturias, Principado de",43.2422122,-5.7767241
"{El Trichuru} Mieres; Asturias; Asturias, Principado de",43.2497264,-5.778528199999999
"{La Casa'l Quentu} Mieres; Asturias; Asturias, Principado de",43.2497264,-5.778528199999999
"{Hontamio} Navia; Asturias; Asturias, Principado de",43.5407811,-6.7227089
"{Les Muries} Oviedo; Asturias; Asturias, Principado de",43.3613953,-5.8593267000000004
"{La Cárcova} Oviedo; Asturias; Asturias, Principado de",43.3542178,-5.867643999999999
"{El Bustiellu} Piloña; Asturias; Asturias, Principado de",43.3684716,-5.4085334
"{El Llanu Molín} Piloña; Asturias; Asturias, Principado de",43.3202455,-5.3520876
"{Solapeña} Piloña; Asturias; Asturias, Principado de",43.3617456,-5.2570878
"{El Carazal} Piloña; Asturias; Asturias, Principado de",43.3794905,-5.2692964
"{Reguera Oscura} Salas; Asturias; Asturias, Principado de",43.3846558,-6.235443399999999
"{Les Abeyes} San Martín del Rey Aurelio; Asturias; Asturias, Principado de",43.2751294,-5.6087488
"{El Sorteru} San Martín del Rey Aurelio; Asturias; Asturias, Principado de",43.2751294,-5.6087488
"{La Quemá} San Martín del Rey Aurelio; Asturias; Asturias, Principado de",43.2751294,-5.6087488
"{Riusgüés} San Martín del Rey Aurelio; Asturias; Asturias, Principado de",43.3006134,-5.6019999
"{Teyera Vallina} San Martín del Rey Aurelio; Asturias; Asturias, Principado de",43.283753,-5.7625708
"{La Campa l'Abeduriu} San Martín del Rey Aurelio; Asturias; Asturias, Principado de",43.2745351,-5.6386196
"{Valles} San Martín del Rey Aurelio; Asturias; Asturias, Principado de",43.2751294,-5.6087488
"{El Llanu Martín} San Martín del Rey Aurelio; Asturias; Asturias, Principado de",43.2751294,-5.6087488
"{Bilorteres} San Martín del Rey Aurelio; Asturias; Asturias, Principado de",43.2753789,-5.604966
"{L'Ortigal} San Martín del Rey Aurelio; Asturias; Asturias, Principado de",43.2751294,-5.6087488
"{El Molín de la Estaca} San Martín del Rey Aurelio; Asturias; Asturias, Principado de",43.27569949999999,-5.6064715
"{Les Sayetes} San Martín del Rey Aurelio; Asturias; Asturias, Principado de",43.2753789,-5.604966
"{L'Azorea} San Martín del Rey Aurelio; Asturias; Asturias, Principado de",43.2751294,-5.6087488
"{L'Armayán} Tinéu; Asturias; Asturias, Principado de",43.3340878,-6.416424999999999
"{Reigada} Tinéu; Asturias; Asturias, Principado de",43.2766663,-6.3565118
"{Vouláu} Tinéu; Asturias; Asturias, Principado de",43.3337656,-6.4110247
"{Ucíu} Tinéu; Asturias; Asturias, Principado de",43.33597,-6.41122
"{Pumarín} Villaviciosa; Asturias; Asturias, Principado de",43.456357,-5.5295292
"{Les Brañes} Villaviciosa; Asturias; Asturias, Principado de",43.410220700000004,-5.9122461
"{Curuxéu} Villaviciosa; Asturias; Asturias, Principado de",43.4813957,-5.4331929
"{Abéu} Villaviciosa; Asturias; Asturias, Principado de",43.4816795,-5.4275826
"{Solapeña} Villaviciosa; Asturias; Asturias, Principado de",43.4817214,-5.435574799999999
"{La Llosa} Villaviciosa; Asturias; Asturias, Principado de",43.50452019999999,-5.4850949
"{Sabudiellu} Villaviciosa; Asturias; Asturias, Principado de",43.4806716,-5.4339567
"{Ca Hevia} Villaviciosa; Asturias; Asturias, Principado de",43.4812778,-5.435847
"{La Palombera} Villaviciosa; Asturias; Asturias, Principado de",43.4813957,-5.4331929
"{Xin} Villaviciosa; Asturias; Asturias, Principado de",43.4817214,-5.435574799999999
"{La Barrosa} Villaviciosa; Asturias; Asturias, Principado de",43.4813957,-5.4331929
"{Cardegoda} Villaviciosa; Asturias; Asturias, Principado de",43.4817214,-5.435574799999999
"{Maniel} Villaviciosa; Asturias; Asturias, Principado de",43.48178,-5.4354846
"{El Yestru} Villaviciosa; Asturias; Asturias, Principado de",43.4813957,-5.4331929
"{Los Eros} Villaviciosa; Asturias; Asturias, Principado de",43.4813957,-5.4331929
"{El Respigu} Villaviciosa; Asturias; Asturias, Principado de",43.48276329999999,-5.433004
{El Moral} San Bartolomé de Tirajana; Las Palmas; Canarias,NA,NA
{A Pedreira de Barreiros} A Cañiza; Pontevedra; Galicia,NA,NA
{Sandomedio} As Neves; Pontevedra; Galicia,42.1266594,-8.4299878
{As Estrigueiras} Pontevedra; Pontevedra; Galicia,42.4213096,-8.6499884
{A Carrola} O Porriño; Pontevedra; Galicia,42.1595482,-8.6120092
{O Coto} Vilaboa; Pontevedra; Galicia,NA,NA
{O Pousadoiro} Vilagarcía de Arousa; Pontevedra; Galicia,42.5955994,-8.721151299999999
{Montalvo Mayor} Aldeatejada; Salamanca; Castilla y León,40.925609,-5.690881900000001
{Villa Benito} Aldeatejada; Salamanca; Castilla y León,40.925609,-5.690881900000001
{Torrecilla de la Valmuza} Carrascal de Barregas; Salamanca; Castilla y León,NA,NA
{Polígono Industrial el Mirador} Doñinos de Salamanca; Salamanca; Castilla y León,40.9601987,-5.7438055
{Valdelavade} Valdemierque; Salamanca; Castilla y León,40.8220195,-5.5820769
{Cuarto de Arriba} Villalba de los Llanos; Salamanca; Castilla y León,40.799845,-5.974665799999999
{Abama} Guía de Isora; Santa Cruz de Tenerife; Canarias,28.17104,-16.7993562
{La Meseta} Hermigua; Santa Cruz de Tenerife; Canarias,28.1659945,-17.1975669
{Masia Boronat} El Catllar; Tarragona; Cataluña,41.1758329,1.3321607
{El Mas Corsini} Tarragona; Tarragona; Cataluña,41.115837,1.2490622
{El Laurel} Chozas de Canales; Toledo; Castilla - La Mancha,40.0991509,-4.0452765
{Las Viñas} El Viso de San Juan; Toledo; Castilla - La Mancha,40.1437281,-3.9196432
{Las Balsas} Sagunto/Sagunt; València/Valencia; Comunitat Valenciana,39.676385,-0.2784857
{Canedos} Simancas; Valladolid; Castilla y León,41.59186709999999,-4.8287615
{Baratz Eder} Bermeo; Bizkaia; País Vasco,43.42315199999999,-2.7311007
{Basakoetxe} Ugao-Miraballes; Bizkaia; País Vasco,43.187394,-2.9499294
{Bilañoko Esparrua/Cerca de Villaño} Urduña/Orduña; Bizkaia; País Vasco,43.2227257,-3.313455
{As Teixoeiras} As Pontes de García Rodríguez; A Coruña; Galicia,NA,NA
{S'Alguer} Palamós; Girona; Cataluña,41.8620988,3.1518504
{Canyelles} Vilajuïga; Girona; Cataluña,NA,NA
{Llavaners} Soriguera; Lleida; Cataluña,42.3772642,1.1453105
"{Uloci} Arce/Artzi; Navarra; Navarra, Comunidad Foral de",42.8527618,-1.3754708
"{L'Aspriella} Grado; Asturias; Asturias, Principado de",43.3870837,-6.0743903
"{L'Utillu Baxo} Langreo; Asturias; Asturias, Principado de",43.3081128,-5.6960562
"{La xusta} Langreo; Asturias; Asturias, Principado de",43.3081128,-5.6960562
"{La Coruxera} Laviana; Asturias; Asturias, Principado de",43.2345348,-5.5400037
"{L ' Umines} Laviana; Asturias; Asturias, Principado de",43.2470745,-5.563998499999999
"{L'Ortigal} Mieres; Asturias; Asturias, Principado de",43.248802,-5.772529
"{Molino del Majo} Mieres; Asturias; Asturias, Principado de",43.2497264,-5.778528199999999
"{Prado Picon} Mieres; Asturias; Asturias, Principado de",43.2512111,-5.778020499999999
"{Casas de Candamo} Mieres; Asturias; Asturias, Principado de",43.278235,-5.807136
"{Cuteranes} Mieres; Asturias; Asturias, Principado de",43.248802,-5.772529
"{Casas de Don Fermin} Mieres; Asturias; Asturias, Principado de",43.278235,-5.807136
"{Les Muries} Oviedo; Asturias; Asturias, Principado de",43.3613953,-5.8593267000000004
"{La Cárcova} Oviedo; Asturias; Asturias, Principado de",43.3542178,-5.867643999999999
"{L'Ortigal} San Martín del Rey Aurelio; Asturias; Asturias, Principado de",43.2751294,-5.6087488
"{L'Azorea} San Martín del Rey Aurelio; Asturias; Asturias, Principado de",43.2751294,-5.6087488
"{Vouláu} Tinéu; Asturias; Asturias, Principado de",43.3337656,-6.4110247
"{Ucíu} Tinéu; Asturias; Asturias, Principado de",43.33597,-6.41122
{Sandomedio} As Neves; Pontevedra; Galicia,42.1266594,-8.4299878
{Bilañoko Esparrua/Cerca de Villaño} Urduña/Orduña; Bizkaia; País Vasco,43.2227257,-3.313455
"{L'Utillu Baxo} Langreo; Asturias; Asturias, Principado de",43.3081128,-5.6960562
"{L ' Umines} Laviana; Asturias; Asturias, Principado de",43.2470745,-5.563998499999999
